trajectory,episode,step,base_reward,progress_reward,total_reward,object_height,grasped,success
expert,demo_0,1,0.00905394030025307,0.0,0.00905394030025307,0.819880973280352,False,False
expert,demo_0,2,0.009028560499336485,0.0,0.009028560499336485,0.818768122058416,False,False
expert,demo_0,3,0.009691948595737927,0.0,0.009691948595737927,0.8200580314851563,False,False
expert,demo_0,4,0.010682370724935915,0.0,0.010682370724935915,0.8206709011656821,False,False
expert,demo_0,5,0.012125840613996797,0.0,0.012125840613996797,0.8209485955788838,False,False
expert,demo_0,6,0.013967826877533469,0.0,0.013967826877533469,0.8210806178007735,False,False
expert,demo_0,7,0.016171482745920753,0.0,0.016171482745920753,0.8211451133203853,False,False
expert,demo_0,8,0.018795605379266264,0.0,0.018795605379266264,0.8211769917644003,False,False
expert,demo_0,9,0.02179681109110776,0.0,0.02179681109110776,0.8211928334678223,False,False
expert,demo_0,10,0.025001643968748103,0.0,0.025001643968748103,0.8212007261680407,False,False
expert,demo_0,11,0.028570761828566115,0.0,0.028570761828566115,0.8212046634492055,False,False
expert,demo_0,12,0.03268927710432869,0.0,0.03268927710432869,0.8212066287887684,False,False
expert,demo_0,13,0.03733538598240665,0.0,0.03733538598240665,0.8212076101142393,False,False
expert,demo_0,14,0.042831799786503505,0.0,0.042831799786503505,0.8212081001812281,False,False
expert,demo_0,15,0.04904846043388522,0.0,0.04904846043388522,0.8212083449360172,False,False
expert,demo_0,16,0.05572362361715758,0.0,0.05572362361715758,0.8212084671789058,False,False
expert,demo_0,17,0.062386613228122896,0.0,0.062386613228122896,0.8212085282343404,False,False
expert,demo_0,18,0.06876102609995419,0.0,0.06876102609995419,0.82120855872938,False,False
expert,demo_0,19,0.07628930038205103,0.0,0.07628930038205103,0.8212085739606513,False,False
expert,demo_0,20,0.08567301816620142,0.0,0.08567301816620142,0.8212085815681893,False,False
expert,demo_0,21,0.09764037450552893,0.0,0.09764037450552893,0.8212085853679185,False,False
expert,demo_0,22,0.11254047117005456,0.0,0.11254047117005456,0.8212085872657664,False,False
expert,demo_0,23,0.12683428423454252,0.0,0.12683428423454252,0.8212085882136833,False,False
expert,demo_0,24,0.13773025301216896,0.0,0.13773025301216896,0.8212085886871389,False,False
expert,demo_0,25,0.14762620059189935,0.0,0.14762620059189935,0.8212085889236156,False,False
expert,demo_0,26,0.15727959664260563,0.0,0.15727959664260563,0.8212085890417283,False,False
expert,demo_0,27,0.16772642981988953,0.0,0.16772642981988953,0.8212085891007221,False,False
expert,demo_0,28,0.1782494499002719,0.0,0.1782494499002719,0.8212085891301875,False,False
expert,demo_0,29,0.18891735880159105,0.0,0.18891735880159105,0.8212085891449046,False,False
expert,demo_0,30,0.19869478735554558,0.0,0.19869478735554558,0.8212085891522557,False,False
expert,demo_0,31,0.20869956287375288,0.0,0.20869956287375288,0.8212085891559273,False,False
expert,demo_0,32,0.21723347617420108,0.0,0.21723347617420108,0.8212085891577613,False,False
expert,demo_0,33,0.22759778418292162,0.0,0.22759778418292162,0.8212085891586771,False,False
expert,demo_0,34,0.23738863310410727,0.0,0.23738863310410727,0.8212085891591347,False,False
expert,demo_0,35,0.2492997576143475,0.0,0.2492997576143475,0.821208589159363,False,False
expert,demo_0,36,0.26008415375160093,0.0,0.26008415375160093,0.821208589159477,False,False
expert,demo_0,37,0.2726967670899525,0.0,0.2726967670899525,0.8212085891595341,False,False
expert,demo_0,38,0.28449417125795684,0.0,0.28449417125795684,0.8212085891595625,False,False
expert,demo_0,39,0.2978113571219468,0.0,0.2978113571219468,0.8212085891595767,False,False
expert,demo_0,40,0.31110598580862175,0.0,0.31110598580862175,0.8212085891595838,False,False
expert,demo_0,41,0.3242198382684685,0.0,0.3242198382684685,0.8212085891595873,False,False
expert,demo_0,42,0.337099826728513,0.0,0.337099826728513,0.8212085891595892,False,False
expert,demo_0,43,0.34910195066712085,0.0,0.34910195066712085,0.8212085891595892,False,False
expert,demo_0,44,0.3589733379381635,0.0,0.3589733379381635,0.8212085891595892,False,False
expert,demo_0,45,0.36785680088135436,0.0,0.36785680088135436,0.8212085891595892,False,False
expert,demo_0,46,0.37734161204675043,0.0,0.37734161204675043,0.8212085891595892,False,False
expert,demo_0,47,0.3847784020681169,0.0,0.3847784020681169,0.8212085891595892,False,False
expert,demo_0,48,0.38888800719689626,0.0,0.38888800719689626,0.8211726430544539,False,False
expert,demo_0,49,0.3935721553648759,0.0,0.3935721553648759,0.820406820042788,False,False
expert,demo_0,50,0.4020414262713662,0.0,0.4020414262713662,0.8210728187979992,False,False
expert,demo_0,51,0.5158138130187776,0.0,0.5158138130187776,0.8217395663493456,True,False
expert,demo_0,52,0.5162635908015425,0.0,0.5162635908015425,0.8221931567426861,True,False
expert,demo_0,53,0.5163013761683198,0.0,0.5163013761683198,0.8246933977451775,True,False
expert,demo_0,54,0.5163548314312758,0.0,0.5163548314312758,0.8310402271198328,True,False
expert,demo_0,55,1.0,1.0,2.0,0.8409113097659624,True,True
expert_summary,demo_0,55,11.513883121291062,1.0,12.513883121291062,0.8409113097659624,True,True
expert,demo_1,1,0.0083070332352425,0.0,0.0083070332352425,0.8187920068895929,False,False
expert,demo_1,2,0.009361131820654666,0.0,0.009361131820654666,0.8176791345017219,False,False
expert,demo_1,3,0.011168689705677772,0.0,0.011168689705677772,0.8189690374724699,False,False
expert,demo_1,4,0.013506404682145836,0.0,0.013506404682145836,0.8195819038504637,False,False
expert,demo_1,5,0.016704430912291554,0.0,0.016704430912291554,0.8198595968295771,False,False
expert,demo_1,6,0.0209182731524938,0.0,0.0209182731524938,0.8199916184064486,False,False
expert,demo_1,7,0.026297528253519754,0.0,0.026297528253519754,0.8200561136185687,False,False
expert,demo_1,8,0.03254890794318774,0.0,0.03254890794318774,0.8200879919122879,False,False
expert,demo_1,9,0.038818905637725616,0.0,0.038818905637725616,0.8201038335414199,False,False
expert,demo_1,10,0.04476351883930111,0.0,0.04476351883930111,0.8201117262047234,False,False
expert,demo_1,11,0.050775828441556085,0.0,0.050775828441556085,0.8201156634674986,False,False
expert,demo_1,12,0.05685353583063706,0.0,0.05685353583063706,0.8201176287978885,False,False
expert,demo_1,13,0.06347225332753842,0.0,0.06347225332753842,0.8201186101187813,False,False
expert,demo_1,14,0.07107354958126619,0.0,0.07107354958126619,0.8201191001834847,False,False
expert,demo_1,15,0.07964793691892859,0.0,0.07964793691892859,0.8201193449371327,False,False
expert,demo_1,16,0.08923005556398259,0.0,0.08923005556398259,0.8201194671794513,False,False
expert,demo_1,17,0.09869531580009007,0.0,0.09869531580009007,0.8201195282346009,False,False
expert,demo_1,18,0.10802713285948441,0.0,0.10802713285948441,0.8201195587294983,False,False
expert,demo_1,19,0.11763888277756221,0.0,0.11763888277756221,0.8201195739606986,False,False
expert,demo_1,20,0.12696548162962948,0.0,0.12696548162962948,0.8201195815682013,False,False
expert,demo_1,21,0.136255837781549,0.0,0.136255837781549,0.8201195853679131,False,False
expert,demo_1,22,0.14504926588840542,0.0,0.14504926588840542,0.8201195872657522,False,False
expert,demo_1,23,0.15254173203754862,0.0,0.15254173203754862,0.8201195882136646,False,False
expert,demo_1,24,0.16090425289048038,0.0,0.16090425289048038,0.8201195886871178,False,False
expert,demo_1,25,0.16883839098547238,0.0,0.16883839098547238,0.8201195889235936,False,False
expert,demo_1,26,0.17649196545077378,0.0,0.17649196545077378,0.8201195890417058,False,False
expert,demo_1,27,0.18318972938263126,0.0,0.18318972938263126,0.8201195891006994,False,False
expert,demo_1,28,0.19020484471671725,0.0,0.19020484471671725,0.8201195891301647,False,False
expert,demo_1,29,0.1997160403892047,0.0,0.1997160403892047,0.8201195891448817,False,False
expert,demo_1,30,0.21288672624128432,0.0,0.21288672624128432,0.8201195891522326,False,False
expert,demo_1,31,0.22939365020628966,0.0,0.22939365020628966,0.8201195891559042,False,False
expert,demo_1,32,0.24840709659125934,0.0,0.24840709659125934,0.8201195891577382,False,False
expert,demo_1,33,0.26955555003403947,0.0,0.26955555003403947,0.8201195891586539,False,False
expert,demo_1,34,0.292049944334277,0.0,0.292049944334277,0.8201195891591115,False,False
expert,demo_1,35,0.31314620265973603,0.0,0.31314620265973603,0.8201195891593398,False,False
expert,demo_1,36,0.3325191154986518,0.0,0.3325191154986518,0.8201195891594538,False,False
expert,demo_1,37,0.3498774611755409,0.0,0.3498774611755409,0.8201195891595109,False,False
expert,demo_1,38,0.362256116106162,0.0,0.362256116106162,0.8201195891595393,False,False
expert,demo_1,39,0.3721980781059619,0.0,0.3721980781059619,0.8201195891595535,False,False
expert,demo_1,40,0.3823643631876257,0.0,0.3823643631876257,0.8201195891595606,False,False
expert,demo_1,41,0.39268715674040117,0.0,0.39268715674040117,0.820119589159564,False,False
expert,demo_1,42,0.40300628253987014,0.0,0.40300628253987014,0.820119589159566,False,False
expert,demo_1,43,0.41036779386239985,0.0,0.41036779386239985,0.820119589159566,False,False
expert,demo_1,44,0.41164175171718004,0.0,0.41164175171718004,0.820119589159566,False,False
expert,demo_1,45,0.406175077085023,0.0,0.406175077085023,0.820119589159566,False,False
expert,demo_1,46,0.39722174664012894,0.0,0.39722174664012894,0.8198761242062698,False,False
expert,demo_1,47,0.3961890877818834,0.0,0.3961890877818834,0.819402223905591,False,False
expert,demo_1,48,0.39808175550156655,0.0,0.39808175550156655,0.8194342380566821,False,False
expert,demo_1,49,0.40307639608854556,0.0,0.40307639608854556,0.8196825072114493,False,False
expert,demo_1,50,0.4132061843357731,0.0,0.4132061843357731,0.8202230871511793,False,False
expert,demo_1,51,0.5254488482729105,0.0,0.5254488482729105,0.8241573814332366,True,False
expert,demo_1,52,0.5254438812249982,0.0,0.5254438812249982,0.8303334189233277,True,False
expert,demo_1,53,0.5255045959691584,0.8508936927850609,1.3763982887542192,0.8385588997337307,True,False
expert,demo_1,54,1.0,0.14910630721493912,1.149106307214939,0.8489533047408154,True,True
expert_summary,demo_1,54,12.570671718336365,1.0,13.570671718336365,0.8489533047408154,True,True
expert,demo_10,1,0.00854061475014895,0.0,0.00854061475014895,0.8192375207088831,False,False
expert,demo_10,2,0.008538388987332772,0.0,0.008538388987332772,0.8181246384492126,False,False
expert,demo_10,3,0.009033719000119905,0.0,0.009033719000119905,0.8194145393643897,False,False
expert,demo_10,4,0.009812153867434009,0.0,0.009812153867434009,0.8200274046992713,False,False
expert,demo_10,5,0.011192878492705362,0.0,0.011192878492705362,0.820305097225174,False,False
expert,demo_10,6,0.01324971156126336,0.0,0.01324971156126336,0.8204371185980035,False,False
expert,demo_10,7,0.016092201918779272,0.0,0.016092201918779272,0.8205016137128388,False,False
expert,demo_10,8,0.019799682400244753,0.0,0.019799682400244753,0.8205334919590209,False,False
expert,demo_10,9,0.024121646337766676,0.0,0.024121646337766676,0.8205493335646674,False,False
expert,demo_10,10,0.029172429878972936,0.0,0.029172429878972936,0.8205572262163073,False,False
expert,demo_10,11,0.03505429873568156,0.0,0.03505429873568156,0.8205611634732756,False,False
expert,demo_10,12,0.041859789095421145,0.0,0.041859789095421145,0.8205631288007706,False,False
expert,demo_10,13,0.05002423268896011,0.0,0.05002423268896011,0.8205641101202198,False,False
expert,demo_10,14,0.05889176892888207,0.0,0.05889176892888207,0.8205646001842023,False,False
expert,demo_10,15,0.06852107803537846,0.0,0.06852107803537846,0.8205648449374905,False,False
expert,demo_10,16,0.07948748081341403,0.0,0.07948748081341403,0.82056496717963,False,False
expert,demo_10,17,0.09171795808435013,0.0,0.09171795808435013,0.8205650282346901,False,False
expert,demo_10,18,0.10519796377610251,0.0,0.10519796377610251,0.820565058729543,False,False
expert,demo_10,19,0.1184833990198977,0.0,0.1184833990198977,0.8205650739607211,False,False
expert,demo_10,20,0.1325746383364799,0.0,0.1325746383364799,0.8205650815682127,False,False
expert,demo_10,21,0.1471021292189908,0.0,0.1471021292189908,0.8205650853679187,False,False
expert,demo_10,22,0.1636245565732895,0.0,0.1636245565732895,0.8205650872657546,False,False
expert,demo_10,23,0.18481356796753193,0.0,0.18481356796753193,0.820565088213666,False,False
expert,demo_10,24,0.2076866533577185,0.0,0.2076866533577185,0.8205650886871187,False,False
expert,demo_10,25,0.2305580172807217,0.0,0.2305580172807217,0.8205650889235937,False,False
expert,demo_10,26,0.2534530060059784,0.0,0.2534530060059784,0.8205650890417059,False,False
expert,demo_10,27,0.2749667884064018,0.0,0.2749667884064018,0.8205650891006994,False,False
expert,demo_10,28,0.2939692514401214,0.0,0.2939692514401214,0.8205650891301647,False,False
expert,demo_10,29,0.3077917202580165,0.0,0.3077917202580165,0.8205650891448817,False,False
expert,demo_10,30,0.31881487302217265,0.0,0.31881487302217265,0.8205650891522326,False,False
expert,demo_10,31,0.3294478145238777,0.0,0.3294478145238777,0.8205650891559042,False,False
expert,demo_10,32,0.3405153693722012,0.0,0.3405153693722012,0.8205650891577382,False,False
expert,demo_10,33,0.351696366066684,0.0,0.351696366066684,0.8205650891586539,False,False
expert,demo_10,34,0.3624336309140879,0.0,0.3624336309140879,0.8205650891591115,False,False
expert,demo_10,35,0.3730114393376922,0.0,0.3730114393376922,0.8205650891593398,False,False
expert,demo_10,36,0.38130443761163557,0.0,0.38130443761163557,0.8205650891594538,False,False
expert,demo_10,37,0.38877709845978975,0.0,0.38877709845978975,0.8205650891595109,False,False
expert,demo_10,38,0.3983947738981993,0.0,0.3983947738981993,0.8205650891595393,False,False
expert,demo_10,39,0.4091264095142764,0.0,0.4091264095142764,0.8205650891595535,False,False
expert,demo_10,40,0.4140584722937213,0.0,0.4140584722937213,0.8205650891595606,False,False
expert,demo_10,41,0.4066807049425722,0.0,0.4066807049425722,0.820565089159564,False,False
expert,demo_10,42,0.3930165623327455,0.0,0.3930165623327455,0.8205650891595659,False,False
expert,demo_10,43,0.38664931708577,0.0,0.38664931708577,0.8198258640200327,False,False
expert,demo_10,44,0.3898989553521133,0.0,0.3898989553521133,0.8198829472303456,False,False
expert,demo_10,45,0.3969526983544063,0.0,0.3969526983544063,0.8202215949000324,False,False
expert,demo_10,46,0.4105955597534071,0.0,0.4105955597534071,0.8213470111052775,False,False
expert,demo_10,47,0.5404979910101103,0.0,0.5404979910101103,0.8234648803712433,True,False
expert,demo_10,48,0.540558180164515,0.0,0.540558180164515,0.829334947178383,True,False
expert,demo_10,49,0.5404419071051119,0.6566263582399354,1.1970682653450473,0.8368343037087678,True,False
expert,demo_10,50,1.0,0.3433736417600646,1.3433736417600646,0.8460008771269077,True,True
expert_summary,demo_10,50,12.068204286333195,1.0,13.068204286333195,0.8460008771269077,True,True
expert,demo_100,1,0.014350867290295295,0.0,0.014350867290295295,0.8203736067119483,False,False
expert,demo_100,2,0.014172351064910474,0.0,0.014172351064910474,0.8192607219856448,False,False
expert,demo_100,3,0.0152317538073323,0.0,0.0152317538073323,0.8205506313532187,False,False
expert,demo_100,4,0.01600862603708893,0.0,0.01600862603708893,0.8211635011061762,False,False
expert,demo_100,5,0.016832991840108964,0.0,0.016832991840108964,0.8214411955507551,False,False
expert,demo_100,6,0.018845594879315905,0.0,0.018845594879315905,0.8215732177870905,False,False
expert,demo_100,7,0.021695223363381217,0.0,0.021695223363381217,0.8216377133136455,False,False
expert,demo_100,8,0.025254728270186905,0.0,0.025254728270186905,0.8216695917610551,False,False
expert,demo_100,9,0.029782603817323818,0.0,0.029782603817323818,0.8216854334661503,False,False
expert,demo_100,10,0.03570936587186087,0.0,0.03570936587186087,0.8216933261671973,False,False
expert,demo_100,11,0.043462382660593615,0.0,0.043462382660593615,0.821697263448774,False,False
expert,demo_100,12,0.05368102786764788,0.0,0.05368102786764788,0.8216992287885414,False,False
expert,demo_100,13,0.06587433339772719,0.0,0.06587433339772719,0.8217002101141148,False,False
expert,demo_100,14,0.07950636755014434,0.0,0.07950636755014434,0.8217007001811546,False,False
expert,demo_100,15,0.0938759493848166,0.0,0.0938759493848166,0.8217009449359688,False,False
expert,demo_100,16,0.10835724411830104,0.0,0.10835724411830104,0.82170106717887,False,False
expert,demo_100,17,0.12278267725691108,0.0,0.12278267725691108,0.821701128234311,False,False
expert,demo_100,18,0.1370219899447256,0.0,0.1370219899447256,0.8217011587293535,False,False
expert,demo_100,19,0.15060384254172957,0.0,0.15060384254172957,0.8217011739606261,False,False
expert,demo_100,20,0.16665800599703162,0.0,0.16665800599703162,0.8217011815681652,False,False
expert,demo_100,21,0.1840683736405944,0.0,0.1840683736405944,0.8217011853678949,False,False
expert,demo_100,22,0.1987521767114184,0.0,0.1987521767114184,0.821701187265743,False,False
expert,demo_100,23,0.2169131719293149,0.0,0.2169131719293149,0.8217011882136599,False,False
expert,demo_100,24,0.23976655534099153,0.0,0.23976655534099153,0.8217011886871155,False,False
expert,demo_100,25,0.26696745124118737,0.0,0.26696745124118737,0.8217011889235922,False,False
expert,demo_100,26,0.2949070606650701,0.0,0.2949070606650701,0.8217011890417051,False,False
expert,demo_100,27,0.32124243905394817,0.0,0.32124243905394817,0.8217011891006989,False,False
expert,demo_100,28,0.3443488049269584,0.0,0.3443488049269584,0.8217011891301642,False,False
expert,demo_100,29,0.3665727607951154,0.0,0.3665727607951154,0.8217011891448813,False,False
expert,demo_100,30,0.3870457813261175,0.0,0.3870457813261175,0.8217011891522324,False,False
expert,demo_100,31,0.4030741780533289,0.0,0.4030741780533289,0.8217011891559041,False,False
expert,demo_100,32,0.4132863771929637,0.0,0.4132863771929637,0.821701189157738,False,False
expert,demo_100,33,0.4120089249692753,0.0,0.4120089249692753,0.8217011891586539,False,False
expert,demo_100,34,0.40309492798993546,0.0,0.40309492798993546,0.8217011891591115,False,False
expert,demo_100,35,0.3949563412582935,0.0,0.3949563412582935,0.8209298938472465,False,False
expert,demo_100,36,0.3928508270152743,0.0,0.3928508270152743,0.8204738017931696,False,False
expert,demo_100,37,0.39225451255415233,0.0,0.39225451255415233,0.8205688754883711,False,False
expert,demo_100,38,0.3915112543209306,0.0,0.3915112543209306,0.8207748603934827,False,False
expert,demo_100,39,0.39035700976850535,0.0,0.39035700976850535,0.8207066123198292,False,False
expert,demo_100,40,0.3921160585879301,0.0,0.3921160585879301,0.8216480497623895,False,False
expert,demo_100,41,0.501042552033284,0.0,0.501042552033284,0.8251121262640685,True,False
expert,demo_100,42,0.5005040341035855,0.016084688659807046,0.5165887227633925,0.832046742276339,True,False
expert,demo_100,43,1.0,0.9839153113401929,1.9839153113401928,0.8420196918889472,True,True
expert_summary,demo_100,43,10.037349500439607,1.0,11.037349500439607,0.8420196918889472,True,True
expert,demo_101,1,0.008090975184420183,0.0,0.008090975184420183,0.8187068964776025,False,False
expert,demo_101,2,0.008565641151401583,0.0,0.008565641151401583,0.8175940296886879,False,False
expert,demo_101,3,0.009901285146903088,0.0,0.009901285146903088,0.818883935147222,False,False
expert,demo_101,4,0.011643238210312755,0.0,0.011643238210312755,0.8194968028069003,False,False
expert,demo_101,5,0.014540659499806935,0.0,0.014540659499806935,0.8197744963429195,False,False
expert,demo_101,6,0.018886574916932266,0.0,0.018886574916932266,0.8199065181706141,False,False
expert,demo_101,7,0.0247192080992454,0.0,0.0247192080992454,0.8199710135024058,False,False
expert,demo_101,8,0.032574617779826925,0.0,0.032574617779826925,0.8200028918546494,False,False
expert,demo_101,9,0.04334032263389565,0.0,0.04334032263389565,0.8200187335127209,False,False
expert,demo_101,10,0.057665575771904204,0.0,0.057665575771904204,0.8200266261904101,False,False
expert,demo_101,11,0.07514020730807781,0.0,0.07514020730807781,0.820030563460354,False,False
expert,demo_101,12,0.09383257471237695,0.0,0.09383257471237695,0.8200325287943206,False,False
expert,demo_101,13,0.11222635950951441,0.0,0.11222635950951441,0.8200335101169994,False,False
expert,demo_101,14,0.13130209652251196,0.0,0.13130209652251196,0.8200340001825946,False,False
expert,demo_101,15,0.15275352006365459,0.0,0.15275352006365459,0.8200342449366878,False,False
expert,demo_101,16,0.17631896909352424,0.0,0.17631896909352424,0.8200343671792291,False,False
expert,demo_101,17,0.20189536233981803,0.0,0.20189536233981803,0.8200344282344901,False,False
expert,demo_101,18,0.2269997457933392,0.0,0.2269997457933392,0.8200344587294432,False,False
expert,demo_101,19,0.24903904751570266,0.0,0.24903904751570266,0.8200344739606712,False,False
expert,demo_101,20,0.26925324471205647,0.0,0.26925324471205647,0.8200344815681878,False,False
expert,demo_101,21,0.29090143585454903,0.0,0.29090143585454903,0.8200344853679061,False,False
expert,demo_101,22,0.31392316668952003,0.0,0.31392316668952003,0.8200344872657487,False,False
expert,demo_101,23,0.338517755729214,0.0,0.338517755729214,0.8200344882136629,False,False
expert,demo_101,24,0.36200804050020713,0.0,0.36200804050020713,0.820034488687117,False,False
expert,demo_101,25,0.3813510186834851,0.0,0.3813510186834851,0.8200344889235931,False,False
expert,demo_101,26,0.3980996972899682,0.0,0.3980996972899682,0.8200344890417056,False,False
expert,demo_101,27,0.4136049161830879,0.0,0.4136049161830879,0.8200344891006992,False,False
expert,demo_101,28,0.4282220075412878,0.0,0.4282220075412878,0.8200344891301645,False,False
expert,demo_101,29,0.4267366942558652,0.0,0.4267366942558652,0.8200344891448816,False,False
expert,demo_101,30,0.4085749674030631,0.0,0.4085749674030631,0.8200344891522325,False,False
expert,demo_101,31,0.3928173558629015,0.0,0.3928173558629015,0.8200407962475936,False,False
expert,demo_101,32,0.38970153079410647,0.0,0.38970153079410647,0.8199274055847267,False,False
expert,demo_101,33,0.38999538022116037,0.0,0.38999538022116037,0.8200314418795562,False,False
expert,demo_101,34,0.389141642149205,0.0,0.389141642149205,0.8198858888185141,False,False
expert,demo_101,35,0.39422678384646764,0.0,0.39422678384646764,0.8205692051331526,False,False
expert,demo_101,36,0.40448177962808257,0.0,0.40448177962808257,0.8224655627344841,False,False
expert,demo_101,37,0.5161380270230701,0.0,0.5161380270230701,0.8270088321516821,True,False
expert,demo_101,38,0.5162537301939886,0.5036446085149006,1.0198983387088891,0.8351605192825025,True,False
expert,demo_101,39,1.0,0.49635539148509944,1.4963553914850993,0.8453807225316071,True,True
expert_summary,demo_101,39,10.073385155814453,1.0,11.073385155814453,0.8453807225316071,True,True
expert,demo_102,1,0.010969291669928733,0.0,0.010969291669928733,0.8192166539576754,False,False
expert,demo_102,2,0.011428098275963262,0.0,0.011428098275963262,0.8181037724422671,False,False
expert,demo_102,3,0.012983313303246449,0.0,0.012983313303246449,0.8193936559012008,False,False
expert,demo_102,4,0.015422911844347926,0.0,0.015422911844347926,0.8200065121201826,False,False
expert,demo_102,5,0.019057739077277553,0.0,0.019057739077277553,0.8202842006856478,False,False
expert,demo_102,6,0.024092421623582123,0.0,0.024092421623582123,0.8204162202746956,False,False
expert,demo_102,7,0.030262443364461992,0.0,0.030262443364461992,0.8204807145385601,False,False
expert,demo_102,8,0.03772367529082516,0.0,0.03772367529082516,0.820512592368659,False,False
expert,demo_102,9,0.045823872677207673,0.0,0.045823872677207673,0.8205284337686014,False,False
expert,demo_102,10,0.053742356798355186,0.0,0.053742356798355186,0.8205363263180114,False,False
expert,demo_102,11,0.06124247747716962,0.0,0.06124247747716962,0.8205402635240447,False,False
expert,demo_102,12,0.06804182773480219,0.0,0.06804182773480219,0.8205422288261304,False,False
expert,demo_102,13,0.07517741914865568,0.0,0.07517741914865568,0.8205432101328958,False,False
expert,demo_102,14,0.08272548175174574,0.0,0.08272548175174574,0.8205437001905453,False,False
expert,demo_102,15,0.09078743049106311,0.0,0.09078743049106311,0.8205439449406708,False,False
expert,demo_102,16,0.09977356356405412,0.0,0.09977356356405412,0.8205440671812304,False,False
expert,demo_102,17,0.1102075372339043,0.0,0.1102075372339043,0.8205441282355018,False,False
expert,demo_102,18,0.12092675625186405,0.0,0.12092675625186405,0.8205441587299603,False,False
expert,demo_102,19,0.13224699992049313,0.0,0.13224699992049313,0.8205441739609413,False,False
expert,demo_102,20,0.14455235608522157,0.0,0.14455235608522157,0.8205441815683345,False,False
expert,demo_102,21,0.156970374884614,0.0,0.156970374884614,0.8205441853679916,False,False
expert,demo_102,22,0.1694085253800692,0.0,0.1694085253800692,0.8205441872658034,False,False
expert,demo_102,23,0.18228099436273418,0.0,0.18228099436273418,0.8205441882137021,False,False
expert,demo_102,24,0.19571184838390696,0.0,0.19571184838390696,0.8205441886871487,False,False
expert,demo_102,25,0.21052439008569923,0.0,0.21052439008569923,0.820544188923621,False,False
expert,demo_102,26,0.22491433499640695,0.0,0.22491433499640695,0.8205441890417315,False,False
expert,demo_102,27,0.23907077798484147,0.0,0.23907077798484147,0.8205441891007242,False,False
expert,demo_102,28,0.2524661706782632,0.0,0.2524661706782632,0.8205441891301892,False,False
expert,demo_102,29,0.26628998762406453,0.0,0.26628998762406453,0.820544189144906,False,False
expert,demo_102,30,0.2806430387323181,0.0,0.2806430387323181,0.8205441891522568,False,False
expert,demo_102,31,0.2935642183157782,0.0,0.2935642183157782,0.8205441891559283,False,False
expert,demo_102,32,0.3041947096277265,0.0,0.3041947096277265,0.8205441891577623,False,False
expert,demo_102,33,0.31453918886137433,0.0,0.31453918886137433,0.820544189158678,False,False
expert,demo_102,34,0.3239528895436747,0.0,0.3239528895436747,0.8205441891591356,False,False
expert,demo_102,35,0.3326408480862519,0.0,0.3326408480862519,0.8205441891593639,False,False
expert,demo_102,36,0.34165394040153,0.0,0.34165394040153,0.8205441891594779,False,False
expert,demo_102,37,0.34988047283450346,0.0,0.34988047283450346,0.820544189159535,False,False
expert,demo_102,38,0.35686556726286517,0.0,0.35686556726286517,0.8205441891595634,False,False
expert,demo_102,39,0.36513934379131824,0.0,0.36513934379131824,0.8205441891595776,False,False
expert,demo_102,40,0.3761515654683172,0.0,0.3761515654683172,0.8205441891595846,False,False
expert,demo_102,41,0.38638585928192665,0.0,0.38638585928192665,0.820544189159588,False,False
expert,demo_102,42,0.39686543295128307,0.0,0.39686543295128307,0.8205441891595899,False,False
expert,demo_102,43,0.4033803385637042,0.0,0.4033803385637042,0.8205441891595899,False,False
expert,demo_102,44,0.40520674587281186,0.0,0.40520674587281186,0.8205441891595899,False,False
expert,demo_102,45,0.4024824969751382,0.0,0.4024824969751382,0.8205441891595899,False,False
expert,demo_102,46,0.3982184456133611,0.0,0.3982184456133611,0.8204336706922374,False,False
expert,demo_102,47,0.3975666696077004,0.0,0.3975666696077004,0.8202164157137035,False,False
expert,demo_102,48,0.39632972781279924,0.0,0.39632972781279924,0.8204872157909623,False,False
expert,demo_102,49,0.3946623094707241,0.0,0.3946623094707241,0.8211042666926954,False,False
expert,demo_102,50,0.39855270094768774,0.0,0.39855270094768774,0.8223467162509622,False,False
expert,demo_102,51,0.509209605400583,0.0,0.509209605400583,0.8244805075553301,True,False
expert,demo_102,52,0.5090521265320987,0.0,0.5090521265320987,0.8285123186157758,True,False
expert,demo_102,53,0.5090607799630602,0.38688035209636795,0.8959411320594282,0.8343346115527701,True,False
expert,demo_102,54,1.0,0.613119647903632,1.613119647903632,0.8420431675407833,True,True
expert_summary,demo_102,54,13.291024399883305,1.0,14.291024399883305,0.8420431675407833,True,True
expert,demo_103,1,0.014982030698336936,0.0,0.014982030698336936,0.8199435800896706,False,False
expert,demo_103,2,0.01603026472366912,0.0,0.01603026472366912,0.8188307108762122,False,False
expert,demo_103,3,0.018767412384130672,0.0,0.018767412384130672,0.8201206259935503,False,False
expert,demo_103,4,0.021892263641082987,0.0,0.021892263641082987,0.8207334987009302,False,False
expert,demo_103,5,0.02537761975206962,0.0,0.02537761975206962,0.8210111944292169,False,False
expert,demo_103,6,0.029338672047555664,0.0,0.029338672047555664,0.8211432172436736,False,False
expert,demo_103,7,0.034235509669726806,0.0,0.034235509669726806,0.8212077130460224,False,False
expert,demo_103,8,0.04018483166075009,0.0,0.04018483166075009,0.8212395916282861,False,False
expert,demo_103,9,0.047327487712399474,0.0,0.047327487712399474,0.8212554334000542,False,False
expert,demo_103,10,0.056203202129708474,0.0,0.056203202129708474,0.8212633261342376,False,False
expert,demo_103,11,0.06700914864988992,0.0,0.06700914864988992,0.8212672634323244,False,False
expert,demo_103,12,0.07913957194589279,0.0,0.07913957194589279,0.8212692287803285,False,False
expert,demo_103,13,0.09159170067469698,0.0,0.09159170067469698,0.8212702101100133,False,False
expert,demo_103,14,0.10375211882789148,0.0,0.10375211882789148,0.8212707001791063,False,False
expert,demo_103,15,0.11604426486673514,0.0,0.11604426486673514,0.8212709449349457,False,False
expert,demo_103,16,0.1300679021337991,0.0,0.1300679021337991,0.8212710671783592,False,False
expert,demo_103,17,0.14888538264603018,0.0,0.14888538264603018,0.8212711282340556,False,False
expert,demo_103,18,0.17110335053274608,0.0,0.17110335053274608,0.821271158729226,False,False
expert,demo_103,19,0.19684372597804436,0.0,0.19684372597804436,0.8212711739605627,False,False
expert,demo_103,20,0.22768284559210616,0.0,0.22768284559210616,0.8212711815681334,False,False
expert,demo_103,21,0.2576340584631552,0.0,0.2576340584631552,0.8212711853678787,False,False
expert,demo_103,22,0.2844551062426379,0.0,0.2844551062426379,0.8212711872657348,False,False
expert,demo_103,23,0.3072562853339278,0.0,0.3072562853339278,0.8212281845618782,False,False
expert,demo_103,24,0.32135530249820554,0.0,0.32135530249820554,0.8205220718561524,False,False
expert,demo_103,25,0.32767048603753607,0.0,0.32767048603753607,0.8191938049571377,False,False
expert,demo_103,26,0.34072056833465947,0.0,0.34072056833465947,0.8198832654951869,False,False
expert,demo_103,27,0.3498783614483395,0.0,0.3498783614483395,0.8206316204673751,False,False
expert,demo_103,28,0.36062152179493906,0.0,0.36062152179493906,0.820971167708326,False,False
expert,demo_103,29,0.37332802559462946,0.0,0.37332802559462946,0.8211257446329332,False,False
expert,demo_103,30,0.38390760955674624,0.0,0.38390760955674624,0.8211995223978119,False,False
expert,demo_103,31,0.39557493254986786,0.0,0.39557493254986786,0.8212356245939685,False,False
expert,demo_103,32,0.4008605215965524,0.0,0.4008605215965524,0.8212534819022158,False,False
expert,demo_103,33,0.39803065840571544,0.0,0.39803065840571544,0.8212623587960769,False,False
expert,demo_103,34,0.39673785202038536,0.0,0.39673785202038536,0.8212667821140867,False,False
expert,demo_103,35,0.3982456004288579,0.0,0.3982456004288579,0.8206951105053235,False,False
expert,demo_103,36,0.4032941507568257,0.0,0.4032941507568257,0.8199462250156595,False,False
expert,demo_103,37,0.41158584286929506,0.0,0.41158584286929506,0.8195227682622405,False,False
expert,demo_103,38,0.5290865107773871,0.0,0.5290865107773871,0.8193543817611789,True,False
expert,demo_103,39,0.5308859983328814,0.0,0.5308859983328814,0.8194282313710288,True,False
expert,demo_103,40,0.5307805383790836,0.0,0.5307805383790836,0.8206204788546908,True,False
expert,demo_103,41,0.5304221265309551,0.0,0.5304221265309551,0.8227912855146283,True,False
expert,demo_103,42,0.5301868195531916,0.0,0.5301868195531916,0.8250198940766832,True,False
expert,demo_103,43,0.5299880877944213,0.0,0.5299880877944213,0.8270619871634886,True,False
expert,demo_103,44,0.5297988672191984,0.0,0.5297988672191984,0.8297670696955475,True,False
expert,demo_103,45,0.5296137667166947,0.1803244399254389,0.7099382066421336,0.8330218455863575,True,False
expert,demo_103,46,0.5294307326278663,0.37531244877745373,0.9047431814053201,0.8362169978496422,True,False
expert,demo_103,47,0.5292467358460967,0.3839448471935708,0.9131915830396675,0.839485640420607,True,False
expert,demo_103,48,1.0,0.06041826410353657,1.0604182641035367,0.8431347169889075,True,True
expert_summary,demo_103,48,14.047056373977314,1.0,15.047056373977314,0.8431347169889075,True,True
expert,demo_104,1,0.009481698681828564,0.0,0.009481698681828564,0.8197411941164081,False,False
expert,demo_104,2,0.009825024840133601,0.0,0.009825024840133601,0.8186283385153109,False,False
expert,demo_104,3,0.011679915370634545,0.0,0.011679915370634545,0.8199182394769194,False,False
expert,demo_104,4,0.014565818144888837,0.0,0.014565818144888837,0.8205311047519397,False,False
expert,demo_104,5,0.017677308646929388,0.0,0.017677308646929388,0.8208087972512011,False,False
expert,demo_104,6,0.020636712243786912,0.0,0.020636712243786912,0.8209408186111131,False,False
expert,demo_104,7,0.023823178560115583,0.0,0.023823178560115583,0.8210053137194935,False,False
expert,demo_104,8,0.0278509559548481,0.0,0.0278509559548481,0.8210371919624168,False,False
expert,demo_104,9,0.03349764625390975,0.0,0.03349764625390975,0.8210530335664107,False,False
expert,demo_104,10,0.04068550118092758,0.0,0.04068550118092758,0.8210609262172095,False,False
expert,demo_104,11,0.04933281879695281,0.0,0.04933281879695281,0.8210648634737483,False,False
expert,demo_104,12,0.06050104305548324,0.0,0.06050104305548324,0.8210668288010244,False,False
expert,demo_104,13,0.07473260062125339,0.0,0.07473260062125339,0.8210678101203617,False,False
expert,demo_104,14,0.09059906739213774,0.0,0.09059906739213774,0.8210683001842876,False,False
expert,demo_104,15,0.10556897444912537,0.0,0.10556897444912537,0.8210685449375467,False,False
expert,demo_104,16,0.12022300966809008,0.0,0.12022300966809008,0.8210686671796712,False,False
expert,demo_104,17,0.1341627929023745,0.0,0.1341627929023745,0.821068728234724,False,False
expert,demo_104,18,0.14820371761838874,0.0,0.14820371761838874,0.821068758729573,False,False
expert,demo_104,19,0.16287283945007905,0.0,0.16287283945007905,0.821068773960749,False,False
expert,demo_104,20,0.17718168298708104,0.0,0.17718168298708104,0.8210687815682393,False,False
expert,demo_104,21,0.19168951507354984,0.0,0.19168951507354984,0.8210687853679447,False,False
expert,demo_104,22,0.20721547748388378,0.0,0.20721547748388378,0.8210687872657806,False,False
expert,demo_104,23,0.22332046003849346,0.0,0.22332046003849346,0.8210687882136919,False,False
expert,demo_104,24,0.2407747206347678,0.0,0.2407747206347678,0.8210687886871446,False,False
expert,demo_104,25,0.26104197823689407,0.0,0.26104197823689407,0.8210687889236196,False,False
expert,demo_104,26,0.2807379193352422,0.0,0.2807379193352422,0.8210687890417318,False,False
expert,demo_104,27,0.2987371347222804,0.0,0.2987371347222804,0.8210687891007252,False,False
expert,demo_104,28,0.31536316897511013,0.0,0.31536316897511013,0.8210687891301905,False,False
expert,demo_104,29,0.330917774406782,0.0,0.330917774406782,0.8210687891449076,False,False
expert,demo_104,30,0.3462439939292279,0.0,0.3462439939292279,0.8210687891522584,False,False
expert,demo_104,31,0.3633701665016949,0.0,0.3633701665016949,0.82106878915593,False,False
expert,demo_104,32,0.3795407804150258,0.0,0.3795407804150258,0.8210687891577639,False,False
expert,demo_104,33,0.3923773844931222,0.0,0.3923773844931222,0.8210687891586798,False,False
expert,demo_104,34,0.4018907899191085,0.0,0.4018907899191085,0.8210687891591374,False,False
expert,demo_104,35,0.4070343973699922,0.0,0.4070343973699922,0.8210687891593657,False,False
expert,demo_104,36,0.40866834232910504,0.0,0.40866834232910504,0.8210687891594797,False,False
expert,demo_104,37,0.40881809153921284,0.0,0.40881809153921284,0.8210687891595367,False,False
expert,demo_104,38,0.4067260887712547,0.0,0.4067260887712547,0.8210687891595652,False,False
expert,demo_104,39,0.40824505888500917,0.0,0.40824505888500917,0.8210977133524184,False,False
expert,demo_104,40,0.41199389815044873,0.0,0.41199389815044873,0.821759580359407,False,False
expert,demo_104,41,0.5204065345025708,0.0,0.5204065345025708,0.8236467806877391,True,False
expert,demo_104,42,0.5202452903868909,0.0,0.5202452903868909,0.8282168103935086,True,False
expert,demo_104,43,0.5201075111587562,0.39458157701571966,0.9146890881744758,0.8347233479612151,True,False
expert,demo_104,44,1.0,0.6054184229842803,1.6054184229842803,0.843640179349343,True,True
expert_summary,demo_104,44,10.578568784077392,1.0,11.578568784077392,0.843640179349343,True,True
expert,demo_105,1,0.011320101620715839,0.0,0.011320101620715839,0.8195466796293868,False,False
expert,demo_105,2,0.010805316898412748,0.0,0.010805316898412748,0.8184338307837385,False,False
expert,demo_105,3,0.011125236020513284,0.0,0.011125236020513284,0.8197237357352494,False,False
expert,demo_105,4,0.011532072650053207,0.0,0.011532072650053207,0.8203366030726401,False,False
expert,demo_105,5,0.012157156364889083,0.0,0.012157156364889083,0.8206142964680093,False,False
expert,demo_105,6,0.01317122974228245,0.0,0.01317122974228245,0.8207463182315625,False,False
expert,demo_105,7,0.014618633756447489,0.0,0.014618633756447489,0.8208108135325372,False,False
expert,demo_105,8,0.0165155606171872,0.0,0.0165155606171872,0.8208426918696494,False,False
expert,demo_105,9,0.019091471323941473,0.0,0.019091471323941473,0.8208585335202193,False,False
expert,demo_105,10,0.022584377567906825,0.0,0.022584377567906825,0.8208664261941704,False,False
expert,demo_105,11,0.026937882408802582,0.0,0.026937882408802582,0.8208703634622471,False,False
expert,demo_105,12,0.031734819468386875,0.0,0.031734819468386875,0.8208723287952803,False,False
expert,demo_105,13,0.03667290402314391,0.0,0.03667290402314391,0.820873310117492,False,False
expert,demo_105,14,0.04194030054201776,0.0,0.04194030054201776,0.8208738001828533,False,False
expert,demo_105,15,0.047360370218959336,0.0,0.047360370218959336,0.8208740449368297,False,False
expert,demo_105,16,0.05285072693630087,0.0,0.05285072693630087,0.820874167179312,False,False
expert,demo_105,17,0.0585736904531609,0.0,0.0585736904531609,0.8208742282345436,False,False
expert,demo_105,18,0.06533740693997073,0.0,0.06533740693997073,0.820874258729482,False,False
expert,demo_105,19,0.07431335931123031,0.0,0.07431335931123031,0.8208742739607029,False,False
expert,demo_105,20,0.08549023097048887,0.0,0.08549023097048887,0.8208742815682156,False,False
expert,demo_105,21,0.09969018595269263,0.0,0.09969018595269263,0.820874285367932,False,False
expert,demo_105,22,0.11783203465166592,0.0,0.11783203465166592,0.8208742872657738,False,False
expert,demo_105,23,0.13884496518348147,0.0,0.13884496518348147,0.8208742882136876,False,False
expert,demo_105,24,0.16233731567323176,0.0,0.16233731567323176,0.8208742886871414,False,False
expert,demo_105,25,0.18496615257667087,0.0,0.18496615257667087,0.8208742889236175,False,False
expert,demo_105,26,0.20370790746741096,0.0,0.20370790746741096,0.82087428904173,False,False
expert,demo_105,27,0.2196381717353515,0.0,0.2196381717353515,0.8208742891007236,False,False
expert,demo_105,28,0.2337061540216566,0.0,0.2337061540216566,0.8208742891301889,False,False
expert,demo_105,29,0.24840427911962498,0.0,0.24840427911962498,0.8208742891449059,False,False
expert,demo_105,30,0.25939976797470155,0.0,0.25939976797470155,0.8208742891522568,False,False
expert,demo_105,31,0.271716556387956,0.0,0.271716556387956,0.8208742891559284,False,False
expert,demo_105,32,0.28495053511604784,0.0,0.28495053511604784,0.8208742891577624,False,False
expert,demo_105,33,0.299016933591253,0.0,0.299016933591253,0.8208742891586782,False,False
expert,demo_105,34,0.3129505584151551,0.0,0.3129505584151551,0.8208742891591359,False,False
expert,demo_105,35,0.32422555237153416,0.0,0.32422555237153416,0.8208742891593641,False,False
expert,demo_105,36,0.33371231127852274,0.0,0.33371231127852274,0.8208742891594781,False,False
expert,demo_105,37,0.341815396768918,0.0,0.341815396768918,0.8208742891595352,False,False
expert,demo_105,38,0.3475820471965105,0.0,0.3475820471965105,0.8208742891595636,False,False
expert,demo_105,39,0.35269182083668066,0.0,0.35269182083668066,0.8208742891595778,False,False
expert,demo_105,40,0.3551928545119167,0.0,0.3551928545119167,0.8208742891595848,False,False
expert,demo_105,41,0.35343855298566484,0.0,0.35343855298566484,0.8201493514341406,False,False
expert,demo_105,42,0.3563836291535876,0.0,0.3563836291535876,0.8187464526687053,False,False
expert,demo_105,43,0.35405902956189567,0.0,0.35405902956189567,0.8195326095292192,False,False
expert,demo_105,44,0.3490390709907357,0.0,0.3490390709907357,0.8196852747730587,False,False
expert,demo_105,45,0.3501577691179941,0.0,0.3501577691179941,0.8200282298891631,False,False
expert,demo_105,46,0.35322306493651573,0.0,0.35322306493651573,0.8202944493605349,False,False
expert,demo_105,47,0.36440618971564964,0.0,0.36440618971564964,0.8220282306392667,False,False
expert,demo_105,48,0.3816292740911931,0.0,0.3816292740911931,0.8224206778997788,False,False
expert,demo_105,49,0.4925999648623994,0.0,0.4925999648623994,0.8271763742844241,True,False
expert,demo_105,50,0.4925901646936638,0.27202692823096214,0.7646170929246259,0.8335135919287977,True,False
expert,demo_105,51,1.0,0.7279730717690378,1.7279730717690378,0.8422190898447395,True,True
expert_summary,demo_105,51,10.604041058775094,1.0,11.604041058775094,0.8422190898447395,True,True
expert,demo_106,1,0.011950634076894869,0.0,0.011950634076894869,0.8201357343557966,False,False
expert,demo_106,2,0.012259525246369554,0.0,0.012259525246369554,0.8190228385528125,False,False
expert,demo_106,3,0.013786099690860629,0.0,0.013786099690860629,0.8203127393787947,False,False
expert,demo_106,4,0.015892029551336506,0.0,0.015892029551336506,0.8209256047071443,False,False
expert,demo_106,5,0.01878083397960845,0.0,0.01878083397960845,0.821203297229576,False,False
expert,demo_106,6,0.022764787945606494,0.0,0.022764787945606494,0.8213353186004488,False,False
expert,demo_106,7,0.0279443346090569,0.0,0.0279443346090569,0.8213998137141842,False,False
expert,demo_106,8,0.033702318937311175,0.0,0.033702318937311175,0.8214316919597551,False,False
expert,demo_106,9,0.03974445577386889,0.0,0.03974445577386889,0.8214475335650654,False,False
expert,demo_106,10,0.04588415098633823,0.0,0.04588415098633823,0.8214554262165221,False,False
expert,demo_106,11,0.05238165338660167,0.0,0.05238165338660167,0.8214593634733907,False,False
expert,demo_106,12,0.05930880768260567,0.0,0.05930880768260567,0.8214613288008319,False,False
expert,demo_106,13,0.06707305849658339,0.0,0.06707305849658339,0.8214623101202526,False,False
expert,demo_106,14,0.07674092874153032,0.0,0.07674092874153032,0.8214628001842196,False,False
expert,demo_106,15,0.08762843262621227,0.0,0.08762843262621227,0.8214630449374997,False,False
expert,demo_106,16,0.10081883537710566,0.0,0.10081883537710566,0.8214631671796344,False,False
expert,demo_106,17,0.11582960726019924,0.0,0.11582960726019924,0.8214632282346926,False,False
expert,demo_106,18,0.13162083829152335,0.0,0.13162083829152335,0.8214632587295443,False,False
expert,demo_106,19,0.1479970221946367,0.0,0.1479970221946367,0.8214632739607215,False,False
expert,demo_106,20,0.16413033471495506,0.0,0.16413033471495506,0.8214632815682128,False,False
expert,demo_106,21,0.1790855454223118,0.0,0.1790855454223118,0.8214632853679188,False,False
expert,demo_106,22,0.1946696343403451,0.0,0.1946696343403451,0.8214632872657547,False,False
expert,demo_106,23,0.21051629344559974,0.0,0.21051629344559974,0.821463288213666,False,False
expert,demo_106,24,0.2283363709234888,0.0,0.2283363709234888,0.8214632886871187,False,False
expert,demo_106,25,0.24815976633715509,0.0,0.24815976633715509,0.8214632889235938,False,False
expert,demo_106,26,0.269795937854736,0.0,0.269795937854736,0.821463289041706,False,False
expert,demo_106,27,0.28929981802261756,0.0,0.28929981802261756,0.8214632891006994,False,False
expert,demo_106,28,0.30574877020134233,0.0,0.30574877020134233,0.8214632891301648,False,False
expert,demo_106,29,0.32061175202582626,0.0,0.32061175202582626,0.8214632891448818,False,False
expert,demo_106,30,0.3347607768596615,0.0,0.3347607768596615,0.8214632891522327,False,False
expert,demo_106,31,0.3476308033163266,0.0,0.3476308033163266,0.8214632891559042,False,False
expert,demo_106,32,0.3594594168444856,0.0,0.3594594168444856,0.8214632891577381,False,False
expert,demo_106,33,0.37225485456200114,0.0,0.37225485456200114,0.821463289158654,False,False
expert,demo_106,34,0.3860610642584143,0.0,0.3860610642584143,0.8214632891591116,False,False
expert,demo_106,35,0.40275452734460027,0.0,0.40275452734460027,0.8214632891593399,False,False
expert,demo_106,36,0.4170192879771074,0.0,0.4170192879771074,0.8214632891594539,False,False
expert,demo_106,37,0.41991453891405467,0.0,0.41991453891405467,0.821463289159511,False,False
expert,demo_106,38,0.40861818219697504,0.0,0.40861818219697504,0.8214632891595394,False,False
expert,demo_106,39,0.39495495172204953,0.0,0.39495495172204953,0.8211688239694854,False,False
expert,demo_106,40,0.3910777764374787,0.0,0.3910777764374787,0.8206208785673959,False,False
expert,demo_106,41,0.3931966578766535,0.0,0.3931966578766535,0.8207682697072555,False,False
expert,demo_106,42,0.3995478043297743,0.0,0.3995478043297743,0.8209755756743158,False,False
expert,demo_106,43,0.5165195672478287,0.0,0.5165195672478287,0.8243329693050904,True,False
expert,demo_106,44,0.5166186932612853,0.0,0.5166186932612853,0.8307076087007742,True,False
expert,demo_106,45,1.0,1.0,2.0,0.8401495658768665,True,True
expert_summary,demo_106,45,10.552851481291325,1.0,11.552851481291325,0.8401495658768665,True,True
expert,demo_107,1,0.014232705908958296,0.0,0.014232705908958296,0.8189625535811886,False,False
expert,demo_107,2,0.01561409000693898,0.0,0.01561409000693898,0.8178496581083372,False,False
expert,demo_107,3,0.01873283617969602,0.0,0.01873283617969602,0.819139548888293,False,False
expert,demo_107,4,0.022214728453350683,0.0,0.022214728453350683,0.8197524089730256,False,False
expert,demo_107,5,0.02610741977959568,0.0,0.02610741977959568,0.8200300992179768,False,False
expert,demo_107,6,0.030523270057064393,0.0,0.030523270057064393,0.8201621195636465,False,False
expert,demo_107,7,0.03520292806031665,0.0,0.03520292806031665,0.820226614188454,False,False
expert,demo_107,8,0.039910988236855,0.0,0.039910988236855,0.8202584921950069,False,False
expert,demo_107,9,0.04500862057815011,0.0,0.04500862057815011,0.8202743336821651,False,False
expert,demo_107,10,0.05004917689729149,0.0,0.05004917689729149,0.8202822262749085,False,False
expert,demo_107,11,0.05540119133508324,0.0,0.05540119133508324,0.8202861635025266,False,False
expert,demo_107,12,0.061073473307602474,0.0,0.061073473307602474,0.8202881288153777,False,False
expert,demo_107,13,0.06806216014492437,0.0,0.06806216014492437,0.8202891101275155,False,False
expert,demo_107,14,0.07695719670339743,0.0,0.07695719670339743,0.8202896001878468,False,False
expert,demo_107,15,0.08661652853527593,0.0,0.08661652853527593,0.8202898449393112,False,False
expert,demo_107,16,0.09611328170728796,0.0,0.09611328170728796,0.8202899671805393,False,False
expert,demo_107,17,0.10552334856093828,0.0,0.10552334856093828,0.8202900282351444,False,False
expert,demo_107,18,0.11569453914464074,0.0,0.11569453914464074,0.8202900587297697,False,False
expert,demo_107,19,0.12711551092704562,0.0,0.12711551092704562,0.8202900739608341,False,False
expert,demo_107,20,0.14049172490240783,0.0,0.14049172490240783,0.820290081568269,False,False
expert,demo_107,21,0.1539275743143105,0.0,0.1539275743143105,0.8202900853679466,False,False
expert,demo_107,22,0.16709969305316066,0.0,0.16709969305316066,0.8202900872657688,False,False
expert,demo_107,23,0.18019251375163461,0.0,0.18019251375163461,0.8202900882136732,False,False
expert,demo_107,24,0.19372143977326434,0.0,0.19372143977326434,0.8202900886871223,False,False
expert,demo_107,25,0.2060838262755813,0.0,0.2060838262755813,0.8202900889235956,False,False
expert,demo_107,26,0.2151076656920329,0.0,0.2151076656920329,0.8202900890417069,False,False
expert,demo_107,27,0.22306307685157,0.0,0.22306307685157,0.8202900891006997,False,False
expert,demo_107,28,0.23319796480389696,0.0,0.23319796480389696,0.820290089130165,False,False
expert,demo_107,29,0.24657534718314178,0.0,0.24657534718314178,0.8202900891448819,False,False
expert,demo_107,30,0.26262377290124944,0.0,0.26262377290124944,0.8202900891522327,False,False
expert,demo_107,31,0.27859483208547525,0.0,0.27859483208547525,0.8202900891559042,False,False
expert,demo_107,32,0.291463371814939,0.0,0.291463371814939,0.8202900891577382,False,False
expert,demo_107,33,0.30284807821120985,0.0,0.30284807821120985,0.820290089158654,False,False
expert,demo_107,34,0.3133259083898167,0.0,0.3133259083898167,0.8202900891591116,False,False
expert,demo_107,35,0.32544809374517564,0.0,0.32544809374517564,0.8202900891593399,False,False
expert,demo_107,36,0.3381713215646632,0.0,0.3381713215646632,0.8202900891594539,False,False
expert,demo_107,37,0.3494964919968107,0.0,0.3494964919968107,0.820290089159511,False,False
expert,demo_107,38,0.3593797755755373,0.0,0.3593797755755373,0.8202900891595394,False,False
expert,demo_107,39,0.36567549675289157,0.0,0.36567549675289157,0.8202900891595536,False,False
expert,demo_107,40,0.36855706327119997,0.0,0.36855706327119997,0.8202900891595606,False,False
expert,demo_107,41,0.36864683000227677,0.0,0.36864683000227677,0.820290089159564,False,False
expert,demo_107,42,0.3675392366961544,0.0,0.3675392366961544,0.820422216542334,False,False
expert,demo_107,43,0.3678772695724064,0.0,0.3678772695724064,0.820401308424979,False,False
expert,demo_107,44,0.3684370020898678,0.0,0.3684370020898678,0.8203535678157139,False,False
expert,demo_107,45,0.36875436365500225,0.0,0.36875436365500225,0.8203084654064121,False,False
expert,demo_107,46,0.3691484008822534,0.0,0.3691484008822534,0.8202719193082134,False,False
expert,demo_107,47,0.36915235956619435,0.0,0.36915235956619435,0.8202323290998124,False,False
expert,demo_107,48,0.36907109646220787,0.0,0.36907109646220787,0.820236720264873,False,False
expert,demo_107,49,0.37113045023421976,0.0,0.37113045023421976,0.8202627294737415,False,False
expert,demo_107,50,0.3761033038394284,0.0,0.3761033038394284,0.820533228250841,False,False
expert,demo_107,51,0.3849671959558835,0.0,0.3849671959558835,0.8211901992272089,False,False
expert,demo_107,52,0.40059235436057244,0.0,0.40059235436057244,0.8210508373335547,False,False
expert,demo_107,53,0.4121145400734253,0.0,0.4121145400734253,0.8211259861277928,False,False
expert,demo_107,54,0.5270312314181967,0.0,0.5270312314181967,0.8224575732250475,True,False
expert,demo_107,55,0.5272061862224007,0.0,0.5272061862224007,0.8254804716070822,True,False
expert,demo_107,56,0.52739846139363,0.0,0.52739846139363,0.8297523639960682,True,False
expert,demo_107,57,0.5275224861821705,0.5753954589406096,1.1029179451227802,0.835968649130804,True,False
expert,demo_107,58,1.0,0.4246045410593904,1.4246045410593904,0.84480039943459,True,True
expert_summary,demo_107,58,14.607891796040676,1.0,15.607891796040676,0.84480039943459,True,True
expert,demo_108,1,0.009893585729206004,0.0,0.009893585729206004,0.8197842099340185,False,False
expert,demo_108,2,0.01013570110536182,0.0,0.01013570110536182,0.8186713279444585,False,False
expert,demo_108,3,0.01098742865182187,0.0,0.01098742865182187,0.8199612342586274,False,False
expert,demo_108,4,0.011906878342651743,0.0,0.011906878342651743,0.8205741024097818,False,False
expert,demo_108,5,0.01289046479581341,0.0,0.01289046479581341,0.8208517961585838,False,False
expert,demo_108,6,0.014075610275993059,0.0,0.014075610275993059,0.8209838180816437,False,False
expert,demo_108,7,0.015789153174949444,0.0,0.015789153174949444,0.8210483134587421,False,False
expert,demo_108,8,0.018322317073214793,0.0,0.018322317073214793,0.8210801918330591,False,False
expert,demo_108,9,0.021621332510153104,0.0,0.021621332510153104,0.8210960335020071,False,False
expert,demo_108,10,0.02562985586732057,0.0,0.02562985586732057,0.8211039261850842,False,False
expert,demo_108,11,0.030258333299589303,0.0,0.030258333299589303,0.821107863457704,False,False
expert,demo_108,12,0.03586789857083926,0.0,0.03586789857083926,0.8211098287930018,False,False
expert,demo_108,13,0.042792267205291314,0.0,0.042792267205291314,0.821110810116343,False,False
expert,demo_108,14,0.05132915549408176,0.0,0.05132915549408176,0.8211113001822679,False,False
expert,demo_108,15,0.06091263269893011,0.0,0.06091263269893011,0.8211115449365253,False,False
expert,demo_108,16,0.07141163061883112,0.0,0.07141163061883112,0.821111667179148,False,False
expert,demo_108,17,0.08297867218331505,0.0,0.08297867218331505,0.8211117282344497,False,False
expert,demo_108,18,0.0954551598490594,0.0,0.0954551598490594,0.8211117587294228,False,False
expert,demo_108,19,0.10849918808629565,0.0,0.10849918808629565,0.821111773960661,False,False
expert,demo_108,20,0.12298768099288418,0.0,0.12298768099288418,0.8211117815681823,False,False
expert,demo_108,21,0.14002013783559597,0.0,0.14002013783559597,0.8211117853679035,False,False
expert,demo_108,22,0.1582380691163934,0.0,0.1582380691163934,0.8211117872657471,False,False
expert,demo_108,23,0.1767035846647312,0.0,0.1767035846647312,0.8211117882136618,False,False
expert,demo_108,24,0.19511607290475452,0.0,0.19511607290475452,0.8211117886871168,False,False
expert,demo_108,25,0.21177034365962188,0.0,0.21177034365962188,0.8211117889235929,False,False
expert,demo_108,26,0.2291511389140889,0.0,0.2291511389140889,0.8211117890417055,False,False
expert,demo_108,27,0.25443685142657013,0.0,0.25443685142657013,0.821111789100699,False,False
expert,demo_108,28,0.2829332859548236,0.0,0.2829332859548236,0.8211117891301644,False,False
expert,demo_108,29,0.3124795964231213,0.0,0.3124795964231213,0.8211117891448815,False,False
expert,demo_108,30,0.340578507755593,0.0,0.340578507755593,0.8211117891522325,False,False
expert,demo_108,31,0.364735516677803,0.0,0.364735516677803,0.8211117891559041,False,False
expert,demo_108,32,0.38488598309364785,0.0,0.38488598309364785,0.8211117891577381,False,False
expert,demo_108,33,0.40465776063051834,0.0,0.40465776063051834,0.8211117891586539,False,False
expert,demo_108,34,0.41388243478788933,0.0,0.41388243478788933,0.8211117891591115,False,False
expert,demo_108,35,0.4082579854626338,0.0,0.4082579854626338,0.8208193793651645,False,False
expert,demo_108,36,0.41201824368719264,0.0,0.41201824368719264,0.8206395756229743,False,False
expert,demo_108,37,0.5451477366427476,0.0,0.5451477366427476,0.8232348202655252,True,False
expert,demo_108,38,0.5445416558174709,0.08665239322961697,0.6311940490470879,0.8320788228703027,True,False
expert,demo_108,39,1.0,0.9133476067703831,1.9133476067703832,0.8427093009411627,True,True
expert_summary,demo_108,39,7.633299851980801,1.0,8.633299851980802,0.8427093009411627,True,True
expert,demo_109,1,0.009010030764448876,0.0,0.009010030764448876,0.8188232876387487,False,False
expert,demo_109,2,0.009736851663095297,0.0,0.009736851663095297,0.8177104238612106,False,False
expert,demo_109,3,0.01110325196838439,0.0,0.01110325196838439,0.819000332322168,False,False
expert,demo_109,4,0.012683247058764507,0.0,0.012683247058764507,0.8196132015396326,False,False
expert,demo_109,5,0.014881803212337945,0.0,0.014881803212337945,0.8198908957522782,False,False
expert,demo_109,6,0.017809043772137555,0.0,0.017809043772137555,0.8200229178845467,False,False
expert,demo_109,7,0.02117764058168831,0.0,0.02117764058168831,0.8200874133615745,False,False
expert,demo_109,8,0.024926899889323777,0.0,0.024926899889323777,0.8201192917848067,False,False
expert,demo_109,9,0.02931127205315567,0.0,0.02931127205315567,0.8201351334779632,False,False
expert,demo_109,10,0.03431640228973665,0.0,0.03431640228973665,0.8201430261730827,False,False
expert,demo_109,11,0.04015446925113044,0.0,0.04015446925113044,0.8201469634517088,False,False
expert,demo_109,12,0.04734153265019714,0.0,0.04734153265019714,0.8201489287900057,False,False
expert,demo_109,13,0.05539047683048073,0.0,0.05539047683048073,0.8201499101148455,False,False
expert,demo_109,14,0.06502212269460722,0.0,0.06502212269460722,0.8201504001815191,False,False
expert,demo_109,15,0.07530722552911534,0.0,0.07530722552911534,0.8201506449361508,False,False
expert,demo_109,16,0.08663287099554637,0.0,0.08663287099554637,0.8201507671789608,False,False
expert,demo_109,17,0.09870766235531414,0.0,0.09870766235531414,0.8201508282343564,False,False
expert,demo_109,18,0.1112890227267876,0.0,0.1112890227267876,0.8201508587293764,False,False
expert,demo_109,19,0.1250896827777735,0.0,0.1250896827777735,0.8201508739606378,False,False
expert,demo_109,20,0.13671348892363283,0.0,0.13671348892363283,0.8201508815681708,False,False
expert,demo_109,21,0.14727243739557921,0.0,0.14727243739557921,0.8201508853678975,False,False
expert,demo_109,22,0.15681587483018689,0.0,0.15681587483018689,0.8201508872657439,False,False
expert,demo_109,23,0.16669439755218002,0.0,0.16669439755218002,0.8201508882136607,False,False
expert,demo_109,24,0.17952838476755817,0.0,0.17952838476755817,0.8201508886871162,False,False
expert,demo_109,25,0.19296414050302008,0.0,0.19296414050302008,0.8201508889235926,False,False
expert,demo_109,26,0.20462105928871213,0.0,0.20462105928871213,0.8201508890417052,False,False
expert,demo_109,27,0.2184869999265609,0.0,0.2184869999265609,0.8201508891006989,False,False
expert,demo_109,28,0.23641213859810198,0.0,0.23641213859810198,0.8201508891301642,False,False
expert,demo_109,29,0.25583132593124314,0.0,0.25583132593124314,0.8201508891448813,False,False
expert,demo_109,30,0.27845621936620646,0.0,0.27845621936620646,0.8201508891522324,False,False
expert,demo_109,31,0.30122286864397063,0.0,0.30122286864397063,0.8201508891559041,False,False
expert,demo_109,32,0.32240045091414593,0.0,0.32240045091414593,0.820150889157738,False,False
expert,demo_109,33,0.3415743845596566,0.0,0.3415743845596566,0.8201508891586539,False,False
expert,demo_109,34,0.3594377292157196,0.0,0.3594377292157196,0.8201508891591115,False,False
expert,demo_109,35,0.3760828728216526,0.0,0.3760828728216526,0.8201508891593398,False,False
expert,demo_109,36,0.39320404996859115,0.0,0.39320404996859115,0.8201508891594538,False,False
expert,demo_109,37,0.40333647205818757,0.0,0.40333647205818757,0.820150889159511,False,False
expert,demo_109,38,0.3996453057451971,0.0,0.3996453057451971,0.8201508891595394,False,False
expert,demo_109,39,0.3914435074052053,0.0,0.3914435074052053,0.8194276994264059,False,False
expert,demo_109,40,0.3918011589989828,0.0,0.3918011589989828,0.8187516723773445,False,False
expert,demo_109,41,0.3995069030149858,0.0,0.3995069030149858,0.8196037852761203,False,False
expert,demo_109,42,0.5260694293224942,0.0,0.5260694293224942,0.821573341589975,True,False
expert,demo_109,43,0.5272643871992407,0.0,0.5272643871992407,0.8248243703361453,True,False
expert,demo_109,44,0.5274659065671519,0.0,0.5274659065671519,0.8281474827763008,True,False
expert,demo_109,45,0.5274988500648732,0.36176347836475814,0.8892623284296313,0.8338514613096726,True,False
expert,demo_109,46,1.0,0.6382365216352419,1.638236521635242,0.8431737432009323,True,True
expert_summary,demo_109,46,10.251642252647063,1.0,11.251642252647063,0.8431737432009323,True,True
expert,demo_11,1,0.010158216389354201,0.0,0.010158216389354201,0.8187501359575003,False,False
expert,demo_11,2,0.010358100169444334,0.0,0.010358100169444334,0.8176372689719762,False,False
expert,demo_11,3,0.011407454449216696,0.0,0.011407454449216696,0.8189271542551163,False,False
expert,demo_11,4,0.012710446004939374,0.0,0.012710446004939374,0.8195400113820723,False,False
expert,demo_11,5,0.014383278898475656,0.0,0.014383278898475656,0.8198177003419698,False,False
expert,demo_11,6,0.016571383819143026,0.0,0.016571383819143026,0.8199497201084299,False,False
expert,demo_11,7,0.01948268526725997,0.0,0.01948268526725997,0.8200142144568068,False,False
expert,demo_11,8,0.02338918295817639,0.0,0.02338918295817639,0.8200460923281665,False,False
expert,demo_11,9,0.028361698557107178,0.0,0.028361698557107178,0.8200619337484764,False,False
expert,demo_11,10,0.034348394684656405,0.0,0.034348394684656405,0.8200698263079931,False,False
expert,demo_11,11,0.041578718173197346,0.0,0.041578718173197346,0.8200737635190537,False,False
expert,demo_11,12,0.04985231378797028,0.0,0.04985231378797028,0.8200757288236435,False,False
expert,demo_11,13,0.05906401251864348,0.0,0.05906401251864348,0.8200767101316567,False,False
expert,demo_11,14,0.06880065835182472,0.0,0.06880065835182472,0.8200772001899281,False,False
expert,demo_11,15,0.07876129813248006,0.0,0.07876129813248006,0.8200774449403635,False,False
expert,demo_11,16,0.08922030902371296,0.0,0.08922030902371296,0.8200775671810779,False,False
expert,demo_11,17,0.1015704101275835,0.0,0.1015704101275835,0.8200776282354264,False,False
expert,demo_11,18,0.11585371596743524,0.0,0.11585371596743524,0.8200776587299233,False,False
expert,demo_11,19,0.13309730645689274,0.0,0.13309730645689274,0.8200776739609236,False,False
expert,demo_11,20,0.15395742500220017,0.0,0.15395742500220017,0.8200776815683267,False,False
expert,demo_11,21,0.17796448318359828,0.0,0.17796448318359828,0.8200776853679881,False,False
expert,demo_11,22,0.202467524846713,0.0,0.202467524846713,0.8200776872658023,False,False
expert,demo_11,23,0.22605285471399023,0.0,0.22605285471399023,0.8200776882137025,False,False
expert,demo_11,24,0.24875867192617432,0.0,0.24875867192617432,0.8200776886871496,False,False
expert,demo_11,25,0.27000892349538186,0.0,0.27000892349538186,0.8200776889236222,False,False
expert,demo_11,26,0.28845746658942195,0.0,0.28845746658942195,0.8200776890417328,False,False
expert,demo_11,27,0.2996625401250585,0.0,0.2996625401250585,0.8200776891007256,False,False
expert,demo_11,28,0.3086468049934736,0.0,0.3086468049934736,0.8200776891301906,False,False
expert,demo_11,29,0.31479284865095275,0.0,0.31479284865095275,0.8200776891449075,False,False
expert,demo_11,30,0.3229550687259405,0.0,0.3229550687259405,0.8200776891522583,False,False
expert,demo_11,31,0.33470142856912194,0.0,0.33470142856912194,0.8200776891559298,False,False
expert,demo_11,32,0.3502505243681067,0.0,0.3502505243681067,0.8200776891577638,False,False
expert,demo_11,33,0.3685811083220171,0.0,0.3685811083220171,0.8200776891586795,False,False
expert,demo_11,34,0.38792462424451735,0.0,0.38792462424451735,0.8200776891591371,False,False
expert,demo_11,35,0.40615705901534466,0.0,0.40615705901534466,0.8200776891593654,False,False
expert,demo_11,36,0.4123535326956537,0.0,0.4123535326956537,0.8200776891594794,False,False
expert,demo_11,37,0.40896521396641505,0.0,0.40896521396641505,0.8191336953480679,False,False
expert,demo_11,38,0.40905717155231974,0.0,0.40905717155231974,0.818412984417454,False,False
expert,demo_11,39,0.5214002753743304,0.0,0.5214002753743304,0.8182835368081526,True,False
expert,demo_11,40,0.5213907457766843,0.0,0.5213907457766843,0.8188540609223408,True,False
expert,demo_11,41,0.5214853941421824,0.0,0.5214853941421824,0.8209678552219816,True,False
expert,demo_11,42,0.5215461614832301,0.0,0.5215461614832301,0.8236200890205615,True,False
expert,demo_11,43,0.5215977235385865,0.0,0.5215977235385865,0.8265198170366889,True,False
expert,demo_11,44,0.5216207465137782,0.21443639180413368,0.7360571383179119,0.8323746935695934,True,False
expert,demo_11,45,1.0,0.7855636081958663,1.7855636081958663,0.8421627352231041,True,True
expert_summary,demo_11,45,10.939725905552706,1.0,11.939725905552706,0.8421627352231041,True,True
expert,demo_110,1,0.011880777586383296,0.0,0.011880777586383296,0.8185419117766738,False,False
expert,demo_110,2,0.012893129362807423,0.0,0.012893129362807423,0.8174290555950435,False,False
expert,demo_110,3,0.015298774678299862,0.0,0.015298774678299862,0.8187189477786305,False,False
expert,demo_110,4,0.01858389287518516,0.0,0.01858389287518516,0.8193318084751708,False,False
expert,demo_110,5,0.024140073014421917,0.0,0.024140073014421917,0.8196094989861272,False,False
expert,demo_110,6,0.03277599318064641,0.0,0.03277599318064641,0.8197415194512907,False,False
expert,demo_110,7,0.04350628544327072,0.0,0.04350628544327072,0.8198060141330804,False,False
expert,demo_110,8,0.0551182160300926,0.0,0.0551182160300926,0.8198378921675153,False,False
expert,demo_110,9,0.0663776417704118,0.0,0.0663776417704118,0.8198537336684748,False,False
expert,demo_110,10,0.07806679466667023,0.0,0.07806679466667023,0.8198616262680859,False,False
expert,demo_110,11,0.09069371914347381,0.0,0.09069371914347381,0.8198655634991298,False,False
expert,demo_110,12,0.10526252075821589,0.0,0.10526252075821589,0.8198675288136916,False,False
expert,demo_110,13,0.12417983093255383,0.0,0.12417983093255383,0.8198685101266847,False,False
expert,demo_110,14,0.14589656637331286,0.0,0.14589656637331286,0.8198690001874435,False,False
expert,demo_110,15,0.16697369083964497,0.0,0.16697369083964497,0.8198692449391217,False,False
expert,demo_110,16,0.18910747107545983,0.0,0.18910747107545983,0.8198693671804566,False,False
expert,demo_110,17,0.205248446308137,0.0,0.205248446308137,0.8198694282351153,False,False
expert,demo_110,18,0.21980083239965598,0.0,0.21980083239965598,0.8198694587297676,False,False
expert,demo_110,19,0.2330263386962813,0.0,0.2330263386962813,0.8198694739608452,False,False
expert,demo_110,20,0.24862868134393126,0.0,0.24862868134393126,0.8198694815682869,False,False
expert,demo_110,21,0.268990903714732,0.0,0.268990903714732,0.8198694853679674,False,False
expert,demo_110,22,0.28886185936802805,0.0,0.28886185936802805,0.8198694872657915,False,False
expert,demo_110,23,0.3048683636937348,0.0,0.3048683636937348,0.8198694882136964,False,False
expert,demo_110,24,0.31780793880540165,0.0,0.31780793880540165,0.8198694886871462,False,False
expert,demo_110,25,0.3279224598148941,0.0,0.3279224598148941,0.8198694889236195,False,False
expert,demo_110,26,0.3366076860220824,0.0,0.3366076860220824,0.8198694890417311,False,False
expert,demo_110,27,0.3456526665231939,0.0,0.3456526665231939,0.819869489100724,False,False
expert,demo_110,28,0.3550326093526218,0.0,0.3550326093526218,0.8198694891301893,False,False
expert,demo_110,29,0.36438905459376714,0.0,0.36438905459376714,0.8198694891449062,False,False
expert,demo_110,30,0.369900592648399,0.0,0.369900592648399,0.819869489152257,False,False
expert,demo_110,31,0.3687225774696477,0.0,0.3687225774696477,0.8198694891559285,False,False
expert,demo_110,32,0.36229728908326264,0.0,0.36229728908326264,0.8198694891577625,False,False
expert,demo_110,33,0.35943149300665844,0.0,0.35943149300665844,0.8198694891586782,False,False
expert,demo_110,34,0.35591962883616335,0.0,0.35591962883616335,0.8198890226458923,False,False
expert,demo_110,35,0.35871556023461065,0.0,0.35871556023461065,0.8201342234906372,False,False
expert,demo_110,36,0.3658815114486045,0.0,0.3658815114486045,0.8202557863728893,False,False
expert,demo_110,37,0.47713353006762244,0.0,0.47713353006762244,0.8208937240978005,True,False
expert,demo_110,38,0.4773693239794447,0.0,0.4773693239794447,0.8241436779122485,True,False
expert,demo_110,39,0.4773585909713929,0.0,0.4773585909713929,0.8283521873457779,True,False
expert,demo_110,40,0.4773044764724279,0.5560356737460782,1.033340150218506,0.8355980813468507,True,False
expert,demo_110,41,1.0,0.4439643262539218,1.443964326253922,0.8458840940919263,True,True
expert_summary,demo_110,41,10.447627792585548,1.0,11.447627792585548,0.8458840940919263,True,True
expert,demo_111,1,0.007883877690347102,0.0,0.007883877690347102,0.8194700720245303,False,False
expert,demo_111,2,0.008615109511363251,0.0,0.008615109511363251,0.8183572280194579,False,False
expert,demo_111,3,0.009640872246535636,0.0,0.009640872246535636,0.8196471344048113,False,False
expert,demo_111,4,0.011103445978088346,0.0,0.011103445978088346,0.8202600024758738,False,False
expert,demo_111,5,0.013476647618045973,0.0,0.013476647618045973,0.8205376961899471,False,False
expert,demo_111,6,0.017041358905327687,0.0,0.017041358905327687,0.8206697180969296,False,False
expert,demo_111,7,0.022123265701407557,0.0,0.022123265701407557,0.8207342134662795,False,False
expert,demo_111,8,0.028711706371904504,0.0,0.028711706371904504,0.8207660918368023,False,False
expert,demo_111,9,0.0366985210558025,0.0,0.0366985210558025,0.8207819335038793,False,False
expert,demo_111,10,0.046363676735341273,0.0,0.046363676735341273,0.8207898261860287,False,False
expert,demo_111,11,0.056904755085912695,0.0,0.056904755085912695,0.8207937634581879,False,False
expert,demo_111,12,0.06761026727758601,0.0,0.06761026727758601,0.8207957287932558,False,False
expert,demo_111,13,0.07877158041347575,0.0,0.07877158041347575,0.8207967101164829,False,False
expert,demo_111,14,0.0909645438634369,0.0,0.0909645438634369,0.8207972001823509,False,False
expert,demo_111,15,0.1053439698503888,0.0,0.1053439698503888,0.8207974449365795,False,False
expert,demo_111,16,0.12282589309487028,0.0,0.12282589309487028,0.8207975671791884,False,False
expert,demo_111,17,0.1418626434513959,0.0,0.1418626434513959,0.8207976282344831,False,False
expert,demo_111,18,0.16020001778641538,0.0,0.16020001778641538,0.8207976587294528,False,False
expert,demo_111,19,0.17831462000331116,0.0,0.17831462000331116,0.8207976739606891,False,False
expert,demo_111,20,0.19562769672636912,0.0,0.19562769672636912,0.82079768156821,False,False
expert,demo_111,21,0.212256413067943,0.0,0.212256413067943,0.8207976853679303,False,False
expert,demo_111,22,0.22982121821635798,0.0,0.22982121821635798,0.8207976872657736,False,False
expert,demo_111,23,0.24623488163348847,0.0,0.24623488163348847,0.8207976882136884,False,False
expert,demo_111,24,0.26165269360586435,0.0,0.26165269360586435,0.8207976886871431,False,False
expert,demo_111,25,0.2775223759724636,0.0,0.2775223759724636,0.8207976889236193,False,False
expert,demo_111,26,0.29465531405889744,0.0,0.29465531405889744,0.8207976890417318,False,False
expert,demo_111,27,0.31362745080987664,0.0,0.31362745080987664,0.8207976891007254,False,False
expert,demo_111,28,0.33420099264911174,0.0,0.33420099264911174,0.8207976891301907,False,False
expert,demo_111,29,0.355828800368216,0.0,0.355828800368216,0.8207976891449078,False,False
expert,demo_111,30,0.3765473712941278,0.0,0.3765473712941278,0.8207976891522589,False,False
expert,demo_111,31,0.3928886067019857,0.0,0.3928886067019857,0.8207976891559305,False,False
expert,demo_111,32,0.4063531582876581,0.0,0.4063531582876581,0.8207976891577645,False,False
expert,demo_111,33,0.414842144703406,0.0,0.414842144703406,0.8207976891586803,False,False
expert,demo_111,34,0.4132968733506266,0.0,0.4132968733506266,0.820797689159138,False,False
expert,demo_111,35,0.4028402969832404,0.0,0.4028402969832404,0.8203694295180702,False,False
expert,demo_111,36,0.40038055667975625,0.0,0.40038055667975625,0.8202670471451333,False,False
expert,demo_111,37,0.4000433111479719,0.0,0.4000433111479719,0.8207046294080694,False,False
expert,demo_111,38,0.40224846375005924,0.0,0.40224846375005924,0.8208166700304211,False,False
expert,demo_111,39,0.5166866432005521,0.0,0.5166866432005521,0.821474678920833,True,False
expert,demo_111,40,0.5168273720157052,0.0,0.5168273720157052,0.8240921786077738,True,False
expert,demo_111,41,0.5168582749917868,0.0,0.5168582749917868,0.8304022009629219,True,False
expert,demo_111,42,1.0,1.0,2.0,0.840338288257642,True,True
expert_summary,demo_111,42,10.08569768285642,1.0,11.08569768285642,0.840338288257642,True,True
expert,demo_112,1,0.011636829907749587,0.0,0.011636829907749587,0.8204388248461851,False,False
expert,demo_112,2,0.012370602978118957,0.0,0.012370602978118957,0.8193259310809473,False,False
expert,demo_112,3,0.01429932929136473,0.0,0.01429932929136473,0.8206158357516872,False,False
expert,demo_112,4,0.016095807936443447,0.0,0.016095807936443447,0.821228703080249,False,False
expert,demo_112,5,0.017923405994085248,0.0,0.017923405994085248,0.8215063964713999,False,False
expert,demo_112,6,0.020455060813677265,0.0,0.020455060813677265,0.8216384182332703,False,False
expert,demo_112,7,0.023973284765358104,0.0,0.023973284765358104,0.8217029135334358,False,False
expert,demo_112,8,0.028051653400458426,0.0,0.028051653400458426,0.8217347918701228,False,False
expert,demo_112,9,0.03280537876621029,0.0,0.03280537876621029,0.8217506335204618,False,False
expert,demo_112,10,0.039035254025442216,0.0,0.039035254025442216,0.8217585261942887,False,False
expert,demo_112,11,0.047018338532352176,0.0,0.047018338532352176,0.8217624634622985,False,False
expert,demo_112,12,0.05689187411184665,0.0,0.05689187411184665,0.821764428795296,False,False
expert,demo_112,13,0.06874226321060581,0.0,0.06874226321060581,0.8217654101174889,False,False
expert,demo_112,14,0.08337312531603668,0.0,0.08337312531603668,0.8217659001828403,False,False
expert,demo_112,15,0.1005134060998676,0.0,0.1005134060998676,0.8217661449368112,False,False
expert,demo_112,16,0.11818116367236688,0.0,0.11818116367236688,0.821766267179291,False,False
expert,demo_112,17,0.13540158179126122,0.0,0.13540158179126122,0.8217663282345212,False,False
expert,demo_112,18,0.15336006189964957,0.0,0.15336006189964957,0.8217663587294588,False,False
expert,demo_112,19,0.1745777419360829,0.0,0.1745777419360829,0.821766373960679,False,False
expert,demo_112,20,0.19730099988672403,0.0,0.19730099988672403,0.8217663815681916,False,False
expert,demo_112,21,0.22066250746730873,0.0,0.22066250746730873,0.8217663853679079,False,False
expert,demo_112,22,0.24191665925408395,0.0,0.24191665925408395,0.8217663872657496,False,False
expert,demo_112,23,0.25805913885755427,0.0,0.25805913885755427,0.8217663882136633,False,False
expert,demo_112,24,0.2721512200267961,0.0,0.2721512200267961,0.8217663886871172,False,False
expert,demo_112,25,0.28548831569222466,0.0,0.28548831569222466,0.8217663889235932,False,False
expert,demo_112,26,0.29951146593265704,0.0,0.29951146593265704,0.8217663890417057,False,False
expert,demo_112,27,0.31577228248500816,0.0,0.31577228248500816,0.8217663891006993,False,False
expert,demo_112,28,0.3325042959943003,0.0,0.3325042959943003,0.8217663891301646,False,False
expert,demo_112,29,0.3500563893597342,0.0,0.3500563893597342,0.8217663891448816,False,False
expert,demo_112,30,0.36902239967644807,0.0,0.36902239967644807,0.8217663891522325,False,False
expert,demo_112,31,0.39039802957911196,0.0,0.39039802957911196,0.8217663891559042,False,False
expert,demo_112,32,0.41287051532368274,0.0,0.41287051532368274,0.8217663891577381,False,False
expert,demo_112,33,0.4221245003636885,0.0,0.4221245003636885,0.821766389158654,False,False
expert,demo_112,34,0.4079574146525458,0.0,0.4079574146525458,0.8210539196474006,False,False
expert,demo_112,35,0.40015625317831444,0.0,0.40015625317831444,0.8201384171609662,False,False
expert,demo_112,36,0.4020514686516018,0.0,0.4020514686516018,0.8202786306718521,False,False
expert,demo_112,37,0.5125915405297835,0.0,0.5125915405297835,0.8225805925592138,True,False
expert,demo_112,38,0.5127869441324282,0.0,0.5127869441324282,0.8278714075604306,True,False
expert,demo_112,39,0.5129243769179799,0.47574512325485085,0.9886695001728307,0.8357964961156327,True,False
expert,demo_112,40,1.0,0.5242548767451491,1.5242548767451491,0.8454943396007224,True,True
expert_summary,demo_112,40,9.271012882410954,1.0,10.271012882410954,0.8454943396007224,True,True
expert,demo_113,1,0.009033425078569845,0.0,0.009033425078569845,0.8189475021676674,False,False
expert,demo_113,2,0.009632967350403148,0.0,0.009632967350403148,0.8178346307161934,False,False
expert,demo_113,3,0.011547489393868588,0.0,0.011547489393868588,0.8191245356341724,False,False
expert,demo_113,4,0.014641771335726084,0.0,0.014641771335726084,0.8197374030256283,False,False
expert,demo_113,5,0.01861998630284578,0.0,0.01861998630284578,0.8200150964449987,False,False
expert,demo_113,6,0.023316499836245765,0.0,0.023316499836245765,0.820147118220104,False,False
expert,demo_113,7,0.02892696068030763,0.0,0.02892696068030763,0.8202116135267895,False,False
expert,demo_113,8,0.03526221740491244,0.0,0.03526221740491244,0.8202434918667506,False,False
expert,demo_113,9,0.04252437590466984,0.0,0.04252437590466984,0.8202593335187476,False,False
expert,demo_113,10,0.050577913268641146,0.0,0.050577913268641146,0.8202672261934162,False,False
expert,demo_113,11,0.06005047210022033,0.0,0.06005047210022033,0.8202711634618545,False,False
expert,demo_113,12,0.07155219108546104,0.0,0.07155219108546104,0.82027312879507,False,False
expert,demo_113,13,0.08503038786240442,0.0,0.08503038786240442,0.8202741101173738,False,False
expert,demo_113,14,0.09912737917995088,0.0,0.09912737917995088,0.8202746001827816,False,False
expert,demo_113,15,0.11305502924671505,0.0,0.11305502924671505,0.8202748449367814,False,False
expert,demo_113,16,0.12783151803492215,0.0,0.12783151803492215,0.8202749671792756,False,False
expert,demo_113,17,0.14835884374085365,0.0,0.14835884374085365,0.8202750282345133,False,False
expert,demo_113,18,0.17781181848478464,0.0,0.17781181848478464,0.8202750587294547,False,False
expert,demo_113,19,0.21346632203924473,0.0,0.21346632203924473,0.8202750739606768,False,False
expert,demo_113,20,0.2503506320713316,0.0,0.2503506320713316,0.8202750815681906,False,False
expert,demo_113,21,0.28589731118894846,0.0,0.28589731118894846,0.8202750853679074,False,False
expert,demo_113,22,0.3186646493292604,0.0,0.3186646493292604,0.8202750872657494,False,False
expert,demo_113,23,0.34834180371958223,0.0,0.34834180371958223,0.8202750882136632,False,False
expert,demo_113,24,0.3716228614540086,0.0,0.3716228614540086,0.8202750886871171,False,False
expert,demo_113,25,0.3901334302979105,0.0,0.3901334302979105,0.8202750889235931,False,False
expert,demo_113,26,0.4015597503633947,0.0,0.4015597503633947,0.8202750890417057,False,False
expert,demo_113,27,0.3985365909745729,0.0,0.3985365909745729,0.8202750891006992,False,False
expert,demo_113,28,0.38536950454956087,0.0,0.38536950454956087,0.8202750891301646,False,False
expert,demo_113,29,0.36663783962357754,0.0,0.36663783962357754,0.8202750891448817,False,False
expert,demo_113,30,0.36007292843449745,0.0,0.36007292843449745,0.8202712764549012,False,False
expert,demo_113,31,0.3615513201791847,0.0,0.3615513201791847,0.8202511305981224,False,False
expert,demo_113,32,0.3621488356393472,0.0,0.3621488356393472,0.8203136637050186,False,False
expert,demo_113,33,0.36241997799732684,0.0,0.36241997799732684,0.8203905002477182,False,False
expert,demo_113,34,0.3664238126033761,0.0,0.3664238126033761,0.8206708015520923,False,False
expert,demo_113,35,0.37508831629025274,0.0,0.37508831629025274,0.820969730989714,False,False
expert,demo_113,36,0.49339882022646636,0.0,0.49339882022646636,0.8221691151285166,True,False
expert,demo_113,37,0.4930165906504901,0.0,0.4930165906504901,0.82496354689714,True,False
expert,demo_113,38,0.49286273920764806,0.06966663940260072,0.5625293786102488,0.8311530705926471,True,False
expert,demo_113,39,1.0,0.9303333605973992,1.9303333605973991,0.8402970061872945,True,True
expert_summary,demo_113,39,9.524465283131486,1.0,10.524465283131486,0.8402970061872945,True,True
expert,demo_114,1,0.008498970673260478,0.0,0.008498970673260478,0.819813620359628,False,False
expert,demo_114,2,0.008977727307070459,0.0,0.008977727307070459,0.8187007332374572,False,False
expert,demo_114,3,0.010155654278170691,0.0,0.010155654278170691,0.8199906368185963,False,False
expert,demo_114,4,0.011919851623993585,0.0,0.011919851623993585,0.820603503558668,False,False
expert,demo_114,5,0.014353840001303611,0.0,0.014353840001303611,0.8208811966943574,False,False
expert,demo_114,6,0.01726569146922325,0.0,0.01726569146922325,0.8210132183412845,False,False
expert,demo_114,7,0.020755011819533997,0.0,0.020755011819533997,0.8210777135866351,False,False
expert,demo_114,8,0.024844094089416173,0.0,0.024844094089416173,0.8211095918965202,False,False
expert,demo_114,9,0.029327855715208545,0.0,0.029327855715208545,0.8211254335336063,False,False
expert,demo_114,10,0.034310972714959455,0.0,0.034310972714959455,0.821133326200845,False,False
expert,demo_114,11,0.040048451068213774,0.0,0.040048451068213774,0.8211372634655717,False,False
expert,demo_114,12,0.046438662365714575,0.0,0.046438662365714575,0.8211392287969306,False,False
expert,demo_114,13,0.05337927680326743,0.0,0.05337927680326743,0.8211402101183054,False,False
expert,demo_114,14,0.060946980997084496,0.0,0.060946980997084496,0.8211407001832479,False,False
expert,demo_114,15,0.06957608410070618,0.0,0.06957608410070618,0.8211409449370145,False,False
expert,demo_114,16,0.0800127103260643,0.0,0.0800127103260643,0.8211410671793926,False,False
expert,demo_114,17,0.09207763952602817,0.0,0.09207763952602817,0.8211411282345719,False,False
expert,demo_114,18,0.10601507345714634,0.0,0.10601507345714634,0.8211411587294839,False,False
expert,demo_114,19,0.12182647386007654,0.0,0.12182647386007654,0.8211411739606918,False,False
expert,demo_114,20,0.13995924619823175,0.0,0.13995924619823175,0.821141181568198,False,False
expert,demo_114,21,0.15935650768094817,0.0,0.15935650768094817,0.821141185367911,False,False
expert,demo_114,22,0.17779130364410528,0.0,0.17779130364410528,0.8211411872657508,False,False
expert,demo_114,23,0.1947972546896779,0.0,0.1947972546896779,0.8211411882136638,False,False
expert,demo_114,24,0.2107082063059563,0.0,0.2107082063059563,0.8211411886871175,False,False
expert,demo_114,25,0.2266504201389145,0.0,0.2266504201389145,0.8211411889235934,False,False
expert,demo_114,26,0.24459245810056524,0.0,0.24459245810056524,0.8211411890417056,False,False
expert,demo_114,27,0.2634820330498505,0.0,0.2634820330498505,0.8211411891006992,False,False
expert,demo_114,28,0.28212039055029314,0.0,0.28212039055029314,0.8211411891301645,False,False
expert,demo_114,29,0.3029942805187292,0.0,0.3029942805187292,0.8211411891448817,False,False
expert,demo_114,30,0.3250559766880837,0.0,0.3250559766880837,0.8211411891522326,False,False
expert,demo_114,31,0.3480075912681968,0.0,0.3480075912681968,0.8211411891559042,False,False
expert,demo_114,32,0.3686968599558116,0.0,0.3686968599558116,0.8211411891577381,False,False
expert,demo_114,33,0.38372898551300705,0.0,0.38372898551300705,0.821141189158654,False,False
expert,demo_114,34,0.39707842773585966,0.0,0.39707842773585966,0.8211411891591116,False,False
expert,demo_114,35,0.4124806003370195,0.0,0.4124806003370195,0.8211411891593399,False,False
expert,demo_114,36,0.42771083951115674,0.0,0.42771083951115674,0.8211411891594539,False,False
expert,demo_114,37,0.43202953505571945,0.0,0.43202953505571945,0.821141189159511,False,False
expert,demo_114,38,0.4338981611609856,0.0,0.4338981611609856,0.8211411891595394,False,False
expert,demo_114,39,0.436822081937439,0.0,0.436822081937439,0.8211411891595536,False,False
expert,demo_114,40,0.5455473676390413,0.0,0.5455473676390413,0.8237837567190646,True,False
expert,demo_114,41,0.5455085068977714,0.0,0.5455085068977714,0.8294929698326516,True,False
expert,demo_114,42,0.5454529473332176,0.6640358690707776,1.2094888164039952,0.8370961698070452,True,False
expert,demo_114,43,1.0,0.3359641309292224,1.3359641309292223,0.8463485434456587,True,True
expert_summary,demo_114,43,9.655201004107022,1.0,10.655201004107022,0.8463485434456587,True,True
expert,demo_115,1,0.007966136035831727,0.0,0.007966136035831727,0.8203122446131867,False,False
expert,demo_115,2,0.008841088820508504,0.0,0.008841088820508504,0.8191993890260458,False,False
expert,demo_115,3,0.010759497377653865,0.0,0.010759497377653865,0.8204893154063625,False,False
expert,demo_115,4,0.013622583263176766,0.0,0.013622583263176766,0.8211021939508707,False,False
expert,demo_115,5,0.0174957936333698,0.0,0.0174957936333698,0.8213798922148359,False,False
expert,demo_115,6,0.02227792438136812,0.0,0.02227792438136812,0.8215119161709248,False,False
expert,demo_115,7,0.02766165457743103,0.0,0.02766165457743103,0.8215764125177851,False,False
expert,demo_115,8,0.034074284242654386,0.0,0.034074284242654386,0.8216082913662559,False,False
expert,demo_115,9,0.04183861387822274,0.0,0.04183861387822274,0.8216241332696222,False,False
expert,demo_115,10,0.05097889677682577,0.0,0.05097889677682577,0.8216320260692018,False,False
expert,demo_115,11,0.06143091049440776,0.0,0.06143091049440776,0.8216359633998694,False,False
expert,demo_115,12,0.0735012275565318,0.0,0.0735012275565318,0.8216379287641258,False,False
expert,demo_115,13,0.08667278080673682,0.0,0.08667278080673682,0.8216389101019226,False,False
expert,demo_115,14,0.0989787124645765,0.0,0.0989787124645765,0.8216394001750658,False,False
expert,demo_115,15,0.1120990298140544,0.0,0.1120990298140544,0.8216396449329278,False,False
expert,demo_115,16,0.12815567267036237,0.0,0.12815567267036237,0.8216397671773514,False,False
expert,demo_115,17,0.1480111444460745,0.0,0.1480111444460745,0.8216398282335525,False,False
expert,demo_115,18,0.17097712000975526,0.0,0.17097712000975526,0.8216398587289747,False,False
expert,demo_115,19,0.197070039530989,0.0,0.197070039530989,0.8216398739604369,False,False
expert,demo_115,20,0.22390532161430898,0.0,0.22390532161430898,0.8216398815680708,False,False
expert,demo_115,21,0.24994866407360009,0.0,0.24994866407360009,0.8216398853678476,False,False
expert,demo_115,22,0.2731252096349237,0.0,0.2731252096349237,0.8216398872657193,False,False
expert,demo_115,23,0.2963404355408048,0.0,0.2963404355408048,0.8216398882136481,False,False
expert,demo_115,24,0.31937221773688956,0.0,0.31937221773688956,0.8216398886871096,False,False
expert,demo_115,25,0.33916325822623405,0.0,0.33916325822623405,0.8216398889235893,False,False
expert,demo_115,26,0.35359642936585256,0.0,0.35359642936585256,0.8216398890417036,False,False
expert,demo_115,27,0.3632472021499003,0.0,0.3632472021499003,0.8216398891006981,False,False
expert,demo_115,28,0.3698042161029118,0.0,0.3698042161029118,0.8216398891301637,False,False
expert,demo_115,29,0.3759204831530255,0.0,0.3759204831530255,0.8216398891448812,False,False
expert,demo_115,30,0.38172214841584917,0.0,0.38172214841584917,0.8216398891522324,False,False
expert,demo_115,31,0.386320861657367,0.0,0.386320861657367,0.821639889155904,False,False
expert,demo_115,32,0.3894329181875366,0.0,0.3894329181875366,0.8216398891577381,False,False
expert,demo_115,33,0.3907108651606642,0.0,0.3907108651606642,0.8216398891586539,False,False
expert,demo_115,34,0.3892967116025851,0.0,0.3892967116025851,0.8216398891591116,False,False
expert,demo_115,35,0.38649305317590826,0.0,0.38649305317590826,0.8216398891593398,False,False
expert,demo_115,36,0.3819152645072026,0.0,0.3819152645072026,0.8216398891594539,False,False
expert,demo_115,37,0.3788914104173524,0.0,0.3788914104173524,0.8207932623729237,False,False
expert,demo_115,38,0.37788271349590224,0.0,0.37788271349590224,0.8203299234378102,False,False
expert,demo_115,39,0.37936349538854913,0.0,0.37936349538854913,0.8211928748482915,False,False
expert,demo_115,40,0.38332345402316703,0.0,0.38332345402316703,0.8227747859165889,False,False
expert,demo_115,41,0.496709798343973,0.0,0.496709798343973,0.8251935887907993,True,False
expert,demo_115,42,0.49642933280457213,0.0,0.49642933280457213,0.828141923142251,True,False
expert,demo_115,43,0.4963774297792536,0.0,0.4963774297792536,0.8310727898375125,True,False
expert,demo_115,44,0.4963124112522515,0.4517719931205754,0.9480844043728269,0.8355348809646597,True,False
expert,demo_115,45,1.0,0.5482280068794245,1.5482280068794245,0.8431947754940694,True,True
expert_summary,demo_115,45,11.688018416591117,1.0,12.688018416591117,0.8431947754940694,True,True
